time,x_est,y_est,z_est,vx_est,vy_est,vz_est
2024-05-12 00:00:00,1509.262153789401,-4434.773028014228,-5006.156717156991,-16209.930138002153,53080.0515221486,-51961.645402145674
2024-05-12 00:30:00,2787.0,-4252.0,258.0,434656.6787109375,-1259509.1015625,363728.8349609375
2024-05-12 01:00:00,-17972.0,26176.0,1840.0,-2119195.59375,3159104.984375,-602351.322265625
2024-05-12 01:30:00,-499.265625,-5847.8671875,-3572.8798828125,4784.054412841797,37323.95474243164,-65456.860637664795
2024-05-12 02:00:00,1311.9375,2523.0,4606.0,-18571.69268798828,-312213.568359375,1075949.58203125
2024-05-12 02:30:00,16336.0,32328.0,20220.0,1919655.203125,3674807.3828125,1629163.73046875
2024-05-12 03:00:00,-3142.266845703125,-5795.328369140625,-1876.625,8930.933183789253,18856.77990078926,-74101.34312438965
2024-05-12 03:30:00,5706.0,8676.0,1932.0,377671.6259765625,677098.564453125,907052.162109375
2024-05-12 04:00:00,997.75,1042.5,5292.25,-143195.62841796875,-194930.0048828125,-77843.73559570312
2024-05-12 04:30:00,10720.0,12592.0,38624.0,1932023.03515625,2020713.421875,4563438.375
2024-05-12 05:00:00,2634.197265625,1229.818359375,-6206.53515625,60235.48599052429,35398.08766365051,32938.45537376404
2024-05-12 05:30:00,15828.0,7496.0,-4692.0,1368813.80078125,640121.541015625,-1139220.11328125
2024-05-12 06:00:00,-6503.75,-1753.28125,1944.71875,-34069.18859863281,-10823.564010620117,-56667.39483642578
2024-05-12 06:30:00,6338.0,1245.0,-13348.0,696987.876953125,178190.19580078125,-778473.603515625
2024-05-12 07:00:00,6260.25,348.84375,3402.125,28244.18701171875,12312.25927734375,11716.031616210938
2024-05-12 07:30:00,-4797.25,931.484375,-4020.0,83106.15600585938,12786.462982177734,-969154.228515625
2024-05-12 08:00:00,-11348.0,1928.0,1734.0,-1193615.99609375,227217.4638671875,1017109.64453125
2024-05-12 08:30:00,7097.25,-2519.3125,1653.875,101609.77783203125,-13366.222290039062,10496.465087890625
2024-05-12 09:00:00,-8391.0,4088.5,1267.0,-576155.34375,215761.81787109375,-495209.091796875
2024-05-12 09:30:00,62.5,190.0,-7456.25,327983.328125,-174329.158203125,-159070.052734375
2024-05-12 10:00:00,5119.8125,-4072.75,-13792.0,24633.00408935547,88328.1630859375,-1620957.1640625
2024-05-12 10:30:00,-1327.875,2369.875,5643.75,9324.038818359375,13700.607788085938,-82889.04028320312
2024-05-12 11:00:00,-11558.0,19952.0,8148.0,-1078209.0390625,1928415.1484375,1586366.4140625
2024-05-12 11:30:00,2540.85546875,-6214.4921875,-1550.03125,6687.700286865234,-18559.4609375,68326.00283813477
2024-05-12 12:00:00,-2770.0,8054.0,12690.0,-341363.89453125,859546.642578125,705797.990234375
2024-05-12 12:30:00,-1104.6875,5899.25,-3996.75,-14028.812866210938,16786.472900390625,-42848.77020263672
2024-05-12 13:00:00,-792.75,-2488.0,3352.0,-81029.30102539062,390683.2744140625,857862.18359375
2024-05-12 13:30:00,-26256.0,-83648.0,12736.0,-3172685.546875,-9911995.0625,714224.474609375
2024-05-12 14:00:00,1517.1629943847656,6186.9154052734375,-2530.7537841796875,-5850.970468759537,-27400.693977952003,-70818.0582254529
2024-05-12 14:30:00,-2789.75,-7359.0,3772.0,-105216.00561523438,-391758.0234375,1076362.69140625
2024-05-12 15:00:00,-762.0,-1855.625,3086.0,45219.282775878906,88364.28143310547,-380916.1611328125
2024-05-12 15:30:00,-58128.0,-146112.0,50848.0,-7473157.875,-18196852.8125,6115179.921875
2024-05-12 16:00:00,-2667.0181646347046,-2284.6336574554443,-5889.740631103516,-46638.72317370027,-45660.96575073898,38850.39023079723
2024-05-12 16:30:00,-13288.0,-11456.0,-230.0,-1195793.4296875,-1027670.375,-660597.533203125
2024-05-12 17:00:00,6053.75,3484.5625,1132.28515625,32751.88037109375,23258.904357910156,-74082.23416519165
2024-05-12 17:30:00,-8310.0,-4164.0,-10634.0,-852006.77734375,-479009.28515625,-462872.787109375
2024-05-12 18:00:00,-5614.25,-1848.0,4457.015625,-24341.01953125,-22039.759765625,66803.1849975586
2024-05-12 18:30:00,1671.0,-813.5,-2334.0,-507581.515625,-174822.32666015625,-696408.77734375
2024-05-12 19:00:00,319488.0,-155200.0,-19792.0,38261111.375,-18663616.9375,-1553715.8359375
2024-05-12 19:30:00,-6201.335021972656,700.4056129455566,2818.1213459968567,31356.454305380583,-2864.5763449817896,69414.92962374736
2024-05-12 20:00:00,6350.5,-1716.0625,-8846.0,214466.98876953125,-32904.944091796875,-1061675.38671875
2024-05-12 20:30:00,3744.5,-953.625,-6848.625,160286.36474609375,-33751.4375,-51941.23083496094
2024-05-12 21:00:00,1756.0,1424.0,-2915.0,926399.046875,-237807.53369140625,-399598.509765625
2024-05-12 21:30:00,122528.0,94528.0,-5724.0,14411004.3125,11606800.78125,-1411017.30078125
2024-05-12 22:00:00,2704.631446838379,-2345.7299423217773,-5847.670670509338,-46147.31554341316,45511.92984198034,-39630.79695019685
2024-05-12 22:30:00,6240.0,-3510.0,-6198.0,1234634.07421875,-1066485.09375,-570678.02734375
2024-05-12 23:00:00,2845.5,-3158.25,8026.0,281513.671875,-201506.5849609375,160443.93310546875
2024-05-12 23:30:00,5020.0,-7812.0,-2105.0,331496.513671875,-343081.251953125,253328.796875
2024-05-13 00:00:00,-2546.5,7823.0,-978.5,-133833.62255859375,227255.49658203125,265731.95556640625
2024-05-13 00:30:00,1056.0,-4440.0,8437.5,169274.2529296875,-566904.15234375,190050.31787109375
2024-05-13 01:00:00,916.75,-9517.0,-1190.0,97123.6923828125,-377551.1865234375,169558.158203125
2024-05-13 01:30:00,720.75,7656.0,-3288.5,-19275.476135253906,325275.6455078125,170477.05444335938
2024-05-13 02:00:00,25.90625,631.25,10586.0,-30087.24282836914,-183878.62963867188,488630.908203125
2024-05-13 02:30:00,-2545.9140625,-5783.875,2009.0,6852.955215454102,64335.791015625,337069.3359375
2024-05-13 03:00:00,4657.0,8748.0,-14242.0,315035.7568359375,695602.927734375,-1003465.734375
2024-05-13 03:30:00,1956.1875,3039.625,5926.390625,-22246.13397216797,-18393.490966796875,27764.245635986328
2024-05-13 04:00:00,2140.0,6172.0,5620.0,840278.978515625,1310297.55078125,546974.0546875
2024-05-13 04:30:00,3258.25,4445.0,-8663.5,190494.82373046875,427044.5361328125,-245056.7939453125
2024-05-13 05:00:00,5652.5,4721.5,3970.0,145171.275390625,234693.490234375,-58422.88232421875
2024-05-13 05:30:00,-5667.75,-1989.625,-1738.0,21440.6298828125,29763.557861328125,-550117.2734375
2024-05-13 06:00:00,8704.0,2660.0,3608.0,1032213.111328125,355115.818359375,1258675.0703125
2024-05-13 06:30:00,5173.5,643.625,1395.5,-120107.4697265625,-30861.716857910156,-179457.1953125
2024-05-13 07:00:00,-22136.0,-1796.0,-13936.0,-2025498.5,-244783.1279296875,-2202403.9453125
2024-05-13 07:30:00,-1241.3984375,-138.44580078125,-6706.046875,72091.29964447021,-10711.089288711548,-8505.168563842773
2024-05-13 08:00:00,-668.0,-2520.5,-16520.0,-867024.708984375,-90669.29174804688,-2116243.6640625
2024-05-13 08:30:00,-3955.1875,1792.9375,4742.375,-58671.91882324219,4470.551818847656,-110902.41235351562
2024-05-13 09:00:00,-16252.0,7424.0,-8841.0,-1569408.609375,703591.783203125,-352029.8984375
2024-05-13 09:30:00,2.55859375,-4263.62060546875,10.875,307.0935478210449,-2010.7043361663818,91150.61322021484
2024-05-13 10:00:00,-1770.65625,68624.0,5730.875,-52676.2932434082,8020760.625,-92012.46984863281
2024-05-13 10:30:00,-2872.2318954467773,3475.535888671875,-5164.632568359375,34839.5165585503,-45554.744468688965,-50037.93293821812
2024-05-13 11:00:00,-4536.0,3456.0,-724.0,-907987.25,1090333.4296875,219647.140625
2024-05-13 11:30:00,14532.0,-10076.0,14152.0,1725750.546875,-1265554.8515625,876118.87109375
2024-05-13 12:00:00,-1497.203125,5477.3515625,-3824.78125,17307.91505432129,-44465.70785522461,-70192.1912689209
2024-05-13 12:30:00,-742.5,-1320.0,4400.0,-143477.09033203125,496645.513671875,1028905.90625
2024-05-13 13:00:00,-25616.0,-46928.0,71824.0,-3108234.6875,-5452571.03125,7815769.96875
2024-05-13 13:30:00,884.92919921875,6463.84423828125,-2098.185417175293,-2144.727605700493,-23214.381754159927,-72530.78805259615
2024-05-13 14:00:00,-2197.75,-9366.0,2654.0,-98582.75439453125,-652602.673828125,976737.189453125
2024-05-13 14:30:00,-479.625,-1194.5,4744.0,65587.68676757812,225920.63134765625,-157521.06640625
2024-05-13 15:00:00,-9872.0,-27536.0,59824.0,-1609599.9765625,-4011272.71875,7135796.296875
2024-05-13 15:30:00,-2162.2578125,-2240.05615234375,-6109.541015625,-42970.53807282448,-52542.366522312164,34503.78203582764
2024-05-13 16:00:00,-12188.0,-12736.0,-3204.0,-1072359.63671875,-1113100.671875,-980597.453125
2024-05-13 16:30:00,5545.625,4003.5625,1681.25,29735.773864746094,24592.74249267578,-61165.37432861328
2024-05-13 17:00:00,-6360.0,-4001.0,-12496.0,-668512.25390625,-470802.2724609375,-678671.75390625
2024-05-13 17:30:00,-5659.125,-2523.875,3747.4375,-26367.584228515625,-25384.625122070312,28156.234008789062
2024-05-13 18:00:00,3754.0,319.75,-3560.0,-216995.2236328125,-105465.19140625,-890223.29296875
2024-05-13 18:30:00,30360.0,2914.0,6568.0,3512350.8359375,297472.126953125,1602673.296875
2024-05-13 19:00:00,-6433.6015625,50.8603515625,2380.984375,24626.3260345459,481.6837887763977,69733.58358001709
2024-05-13 19:30:00,8492.0,-1011.96875,-3458.0,496776.623046875,-12882.44440460205,-1044000.359375
2024-05-13 20:00:00,1465.5,-270.1875,-3839.0,-168645.37133789062,31759.0859375,287724.3447265625
2024-05-13 20:30:00,84576.0,-13988.0,-95104.0,10906043.53125,-2010841.890625,-11404596.71875
2024-05-13 21:00:00,2765.9478149414062,-2022.3637008666992,5921.019020080566,55835.62411260605,-35167.08947171271,-37998.03255280852
2024-05-13 21:30:00,14352.0,-10420.0,864.0,1285717.21875,-937193.181640625,731345.189453125
2024-05-13 22:00:00,-4760.125,5065.5,-1295.390625,-29787.914123535156,26560.347900390625,71032.84631347656
2024-05-13 22:30:00,5666.0,-6792.0,11175.0,633604.572265625,-688601.416015625,527887.453125
2024-05-13 23:00:00,3132.25,-5101.5,-4305.4296875,28760.964477539062,-21230.521240234375,-55403.09784698486
2024-05-13 23:30:00,167.0,2187.0,2596.0,255619.5107421875,-401907.4892578125,742477.79296875
2024-05-14 00:00:00,15152.0,203008.0,-3568.0,1877082.43359375,24279010.6875,-1246553.55078125
2024-05-14 00:30:00,753.8085408806801,-6230.711541175842,-2754.883936882019,-4378.880772858858,30234.47409313917,-69753.36486147612
2024-05-14 01:00:00,161.5,6852.0,4204.0,-22640.75,259764.55322265625,1108460.625
2024-05-14 01:30:00,59.9375,3642.5,2054.0,-6759.176910400391,124508.58642578125,-516253.880859375
2024-05-14 02:00:00,-1712.0,6352.0,-64176.0,27113.017700195312,1553653.5390625,-7660706.328125
2024-05-14 02:30:00,1774.9366760253906,3267.6878662109375,-5763.7314453125,27068.593986093998,57884.97163105011,40874.06924152374
2024-05-14 03:00:00,8200.0,15204.0,1356.0,745412.95703125,1378672.6796875,-488694.28125
2024-05-14 03:30:00,-4459.125,-5427.9375,825.21875,-20878.492614746094,-31699.06231689453,-82373.9536743164
2024-05-14 04:00:00,6848.0,7438.0,-9543.0,671972.359375,802252.654296875,-337494.974609375
2024-05-14 04:30:00,4411.0,3553.5,4832.375,6108.044921875,20532.609741210938,87925.25610351562
2024-05-14 05:00:00,-950.0,919.0,-1476.0,534153.640625,439235.05859375,-567682.32421875
2024-05-14 05:30:00,-1210880.0,1171712.0,232064.0,-145334118.0,140686865.0,28675600.75
2024-05-14 06:00:00,5946.9967041015625,1509.1302490234375,3039.1870498657227,-32774.640131890774,-8852.071082383394,68246.45061682537
2024-05-14 06:30:00,-5481.84375,-340.3203125,-4670.0,-63645.04473876953,-7446.154586791992,-1131479.93359375
2024-05-14 07:00:00,-8424.0,-668.25,-1902.0,-739586.2421875,-52881.69421386719,551870.763671875
2024-05-14 07:30:00,9524.0,-842.125,3645.0,331364.392578125,28425.864318847656,358358.021484375
2024-05-14 08:00:00,-4436.0,1490.34375,3851.5,-140802.83349609375,26321.05142211914,-247133.484375
2024-05-14 08:30:00,-15292.0,5226.0,-16112.0,-1394512.7890625,461787.640625,-1254362.3828125
2024-05-14 09:00:00,5681.21875,-3638.4921875,-537.5703125,-5193.049957275391,-1244.1787490844727,79475.73622131348
2024-05-14 09:30:00,-10138.0,7194.0,8877.0,-1075666.12890625,700034.572265625,269659.064453125
2024-05-14 10:00:00,-183.25,3530.3125,-5163.875,-21990.41583251953,-23253.66326904297,-90656.75341796875
2024-05-14 10:30:00,2606.0,14080.0,-7144.0,-106836.19311523438,2306099.390625,-500790.63671875
2024-05-14 11:00:00,21.879638671875,636.89013671875,7109.0,-35126.75287377834,66981.2011270523,29798.04833984375
2024-05-14 11:30:00,-2094.125,8529.0,13116.0,26406.036834716797,323689.78125,1913875.5078125
2024-05-14 12:00:00,914.4375,-4997.5,-3878.375,-5253.460388183594,12480.802856445312,77539.44409179688
2024-05-14 12:30:00,2005.5,-9904.0,15960.0,182829.67919921875,-962285.578125,1124660.0078125
2024-05-14 13:00:00,256.21875,6413.125,-1581.4375,6250.133575439453,-46237.809143066406,-64071.75814819336
2024-05-14 13:30:00,-1306.375,-12138.0,2112.0,-49394.10900878906,-1014296.708984375,943205.44921875
2024-05-14 14:00:00,-565.25,-2218.25,5659.875,29989.04815673828,158982.97631835938,-20436.475952148438
2024-05-14 14:30:00,-1912.0,-12712.0,19160.0,-576242.794921875,-2268776.09375,2201829.09375
2024-05-14 15:00:00,-1711.0546875,-2213.28125,-6272.640625,-39959.19495010376,-71006.32290649414,33239.90473175049
2024-05-14 15:30:00,-10564.0,-13736.0,-5468.0,-898813.55078125,-1164906.8125,-1213134.5546875
2024-05-14 16:00:00,4964.484375,4425.96875,2163.125,25285.195281982422,24181.989624023438,-54292.488220214844
2024-05-14 16:30:00,-4324.0,-3290.0,-13944.0,-470004.3017578125,-406683.3447265625,-848597.248046875
2024-05-14 17:00:00,-5486.75,-3126.75,3107.375,-14991.168090820312,-18733.725952148438,-1040.500244140625
2024-05-14 17:30:00,5663.4375,1892.75,-4308.0,61015.897216796875,25232.776306152344,-1024066.07421875
2024-05-14 18:00:00,4938.0,1872.5,-1154.0,416341.576171875,147531.74267578125,665262.986328125
2024-05-14 18:30:00,-24664.0,-7506.0,17176.0,-2154511.8515625,-822055.896484375,1898203.44921875
2024-05-14 19:00:00,4530.28515625,-462.5400390625,5078.9921875,55526.43823623657,-4117.492794036865,-53053.56513977051
2024-05-14 19:30:00,14656.0,-1419.5,-1727.0,1361731.9609375,-134120.09326171875,-207277.033203125
2024-05-14 20:00:00,-6942.0,2136.0,292.9375,-48404.76647949219,5775.583984375,94828.57708740234
2024-05-14 20:30:00,10054.0,-3843.5,5184.75,955554.041015625,-304989.48828125,-147315.185546875
2024-05-14 21:00:00,3697.765625,-2114.0078125,-6289.0,-56641.95805358887,33823.87194061279,-163439.51513671875
2024-05-14 21:30:00,2788.0,-85.0,-4032.0,921238.583984375,-521040.64453125,-205772.69921875
2024-05-14 22:00:00,52032.0,-2709.5,-5192.0,6221346.046875,-243902.66552734375,-1443021.3046875
2024-05-14 22:30:00,3309.4091796875,-4493.5242919921875,-3977.49462890625,-26306.55333518982,35687.73730778694,-61894.27476263046
2024-05-14 23:00:00,731.0,908.0,4182.0,378070.9169921875,-500795.59765625,978167.328125
2024-05-14 23:30:00,37360.0,47472.0,104352.0,4567522.9375,5570551.3125,11711412.34375
2024-05-16 00:00:00,-585.9375,4453.5625,-5180.6875,-9574.630111694336,56633.659366607666,49799.220116615295
2024-05-16 00:30:00,-2010.0,14744.0,7326.5,-184394.98828125,1364788.19140625,163135.94189453125
2024-05-16 01:00:00,-531.19189453125,-6837.07421875,-347.75,-1265.0837411880493,103.99088668823242,-107387.46142578125
2024-05-16 01:30:00,1646.75,12516.0,-4697.5,105427.80395507812,1232167.1015625,211803.01513671875
2024-05-16 02:00:00,1206.28125,3972.125,5801.75,-22536.52409362793,-84733.4633178711,115619.5673828125
2024-05-16 02:30:00,218.0,5024.0,3860.5,386279.9755859375,1288659.73046875,179489.7666015625
2024-05-16 03:00:00,1320.875,9970.0,-16232.0,90512.49645996094,1163920.42578125,-1125173.53125
2024-05-16 03:30:00,3679.1328125,4527.5,3791.28125,-24539.95024871826,-5905.207458496094,52511.4045715332
2024-05-16 04:00:00,-2208.0,-751.0,-4276.0,257307.072265625,329822.6962890625,-994048.08203125
2024-05-16 04:30:00,-50832.0,-17788.0,-36024.0,-5988491.671875,-2017362.1953125,-3512361.8203125
2024-05-16 05:00:00,5811.5592041015625,2859.4570922851562,2224.105712890625,-21924.676891684532,-11878.569897830486,72182.87536621094
2024-05-16 05:30:00,-8605.0,-3204.5,-3098.0,-533413.546875,-252371.9365234375,-1014657.1875
2024-05-16 06:00:00,-1303.25,-328.375,-4405.5,199568.224609375,61512.30895996094,210197.16845703125
2024-05-16 06:30:00,-42464.0,-12084.0,-72992.0,-5921253.046875,-1492487.4140625,-8732219.96875
2024-05-16 07:00:00,-3222.94384765625,551.7132568359375,6008.425964355469,-66720.20388364792,6307.449700772762,-36267.93296569586
2024-05-16 07:30:00,-17544.0,2937.0,2050.0,-1559119.546875,264942.744140625,859617.880859375
2024-05-16 08:00:00,6474.5625,-2374.2578125,-1511.796875,38048.53192138672,-10705.351165771484,65875.34924316406
2024-05-16 08:30:00,-7458.0,3266.5,11902.0,-815661.888671875,309453.0009765625,612141.09765625
2024-05-16 09:00:00,-5183.5,3219.375,-4026.8125,-36884.484130859375,7462.2874755859375,-39945.782775878906
2024-05-16 09:30:00,1568.0,-2462.5,3098.0,-312182.998046875,184739.4951171875,820864.376953125
2024-05-16 10:00:00,41024.0,-63760.0,-10292.0,4819736.6875,-7587906.890625,-2050624.2109375
2024-05-16 10:30:00,-3508.1414794921875,5287.0443115234375,-2592.2993774414062,16524.022557020187,-23437.621069908142,-70492.82697534561
2024-05-16 11:00:00,3364.0,-6813.5,3906.0,195295.92919921875,-310318.0263671875,1086800.89453125
2024-05-16 11:30:00,1002.40625,-2105.34375,2804.0,-13524.889709472656,51491.505798339844,-418017.4345703125
2024-05-16 12:00:00,65488.0,-133376.0,-5028.0,8005466.71875,-16816037.625,-583233.615234375
2024-05-16 12:30:00,-124.71443176269531,-3569.2095336914062,-5853.7506275177,1914.7557668238878,-64839.43475326896,39517.185578010976
2024-05-16 13:00:00,-557.75,-17476.0,224.0,-52374.734130859375,-1575419.1640625,-611293.501953125
2024-05-16 13:30:00,1541.84765625,6827.0625,1044.259765625,4903.852699279785,39472.996154785156,-76387.51684188843
2024-05-16 14:00:00,-2632.0,-9172.0,-10326.0,-229672.1435546875,-971938.875,-427450.6396484375
2024-05-16 14:30:00,-2417.8125,-5322.0,4567.21875,701.9730834960938,-30125.617919921875,73038.74612426758
2024-05-16 15:00:00,1594.5,364.0,-2104.0,-234203.505859375,-533027.822265625,-661251.69140625
2024-05-16 15:30:00,550784.0,125984.0,-46896.0,66070627.25,15039012.4375,-4806291.03125
2024-05-16 16:00:00,-4693.407821655273,-4066.6945190429688,2883.8619298934937,23937.293180264533,21571.032071677968,69078.07634683978
2024-05-16 16:30:00,5325.75,3291.0,-4494.0,135494.0078125,106060.15356445312,-1124913.046875
2024-05-16 17:00:00,4518.0,2887.5,-1890.0,294418.37109375,192118.552734375,546225.130859375
2024-05-16 17:30:00,-13920.0,-6814.0,18208.0,-885658.099609375,-568348.625,2126367.9921875
2024-05-16 18:00:00,3783.1875,348.0234375,5631.6171875,53221.598541259766,5278.065368652344,-43702.387521743774
2024-05-16 18:30:00,17468.0,1682.5,-2167.0,1611848.84765625,151209.0576171875,407469.5966796875
2024-05-16 19:00:00,-6984.5,666.8515625,-654.78125,-32638.428649902344,-158.84693145751953,85435.55834960938
2024-05-16 19:30:00,10530.0,-1596.75,8912.0,1083665.3046875,-113468.79370117188,268906.2109375
2024-05-16 20:00:00,5186.875,-1604.578125,-5092.75,7176.6822509765625,8838.106964111328,-97891.51013183594
2024-05-16 20:30:00,1104.0,1039.0,698.0,776177.091796875,-233165.2060546875,458364.7802734375
2024-05-16 21:00:00,-234688.0,-221504.0,-2506752.0,-28115641.0625,-26562665.5,-301681167.0
2024-05-16 21:30:00,4509.645713806152,-4019.513961791992,-3238.7259521484375,-27076.0587949045,23597.35249009356,-67143.85203063488
2024-05-16 22:00:00,-2555.75,3671.0,4708.0,62518.368408203125,-44601.030029296875,1122821.96875
2024-05-16 22:30:00,-8932.0,12424.0,3341.0,-908682.716796875,1298847.62890625,-383872.8583984375
2024-05-16 23:00:00,2973.875,-6289.5625,-1719.875,11237.449645996094,-12379.814697265625,-100267.01055908203
2024-05-16 23:30:00,-3414.0,9252.0,-36.0,-311831.33203125,682592.28515625,695971.728515625
2024-05-17 00:00:00,14.25,935.5,6064.4609375,107966.28076171875,-327851.138671875,38658.02215576172
2024-05-17 00:30:00,325.875,2322.0,29152.0,15408.6611328125,1095637.03125,3380734.2109375
2024-05-17 01:00:00,553.83251953125,2507.13671875,-6303.765625,7867.835235595703,71205.7336807251,35203.1261138916
2024-05-17 01:30:00,3599.0,17016.0,-7232.0,316390.2490234375,1431671.09375,-1410798.8359375
2024-05-17 02:00:00,-2419.5078125,-6075.9375,2314.0,-10980.184936523438,-27150.059631347656,-54076.26318359375
2024-05-17 02:30:00,2101.5,4193.0,-14534.0,212270.62890625,508814.708984375,-918762.375
2024-05-17 03:00:00,3510.375,5239.75,2931.0,1462.9141235351562,14355.815063476562,-4919.966552734375
2024-05-17 03:30:00,-4566.875,-4792.25,-4528.0,-94233.63232421875,-125665.48950195312,-1065315.875
2024-05-17 04:00:00,-2450.0,-2816.5,-2547.0,-156728.42138671875,-178075.07373046875,493386.29296875
2024-05-17 04:30:00,-11180.0,-15760.0,43680.0,-2029072.28125,-2325348.9765625,5098148.765625
2024-05-17 05:00:00,-4156.8056640625,-1584.2822265625,5206.9228515625,-53758.005595207214,-23192.095958709717,-48845.57548713684
2024-05-17 05:30:00,-14112.0,-5449.0,-7056.5,-1307081.8046875,-503233.740234375,-132326.11889648438
2024-05-17 06:00:00,6795.9609375,1067.453125,231.5,3525.480125427246,-200.87169647216797,106470.9814453125
2024-05-17 06:30:00,-12484.0,-1289.0,5215.0,-1221600.49609375,-182051.8759765625,-150158.31420898438
2024-05-17 07:00:00,-4274.5,251.5234375,-5785.125,76593.55395507812,-3329.444839477539,-116340.125
2024-05-17 07:30:00,-4440.0,-1009.0,-3362.5,-1279752.14453125,70228.26782226562,-107701.044921875
2024-05-17 08:00:00,-13728.0,-2221.0,22440.0,-1607471.3671875,-321999.947265625,1871361.6875
2024-05-17 08:30:00,-5116.390625,2560.22265625,-3827.8203125,30672.292068481445,-20657.05158996582,-60211.8271484375
2024-05-17 09:00:00,666.0,-1619.0,4352.0,-444433.61328125,213594.06591796875,1013779.20703125
2024-05-17 09:30:00,22016.0,-51952.0,61584.0,2495842.0,-6147926.96875,6584009.90625
2024-05-17 10:00:00,-4134.836486816406,5004.938720703125,-2194.3645629882812,16283.062886476517,-18159.606901288033,-72199.01079589128
2024-05-17 10:30:00,5161.0,-7687.0,2938.0,379324.2099609375,-473433.4501953125,1003435.796875
2024-05-17 11:00:00,578.5,-1157.5,4444.0,-114271.27197265625,191836.88330078125,-199219.94970703125
2024-05-17 11:30:00,19648.0,-36576.0,73472.0,2590381.828125,-5181457.84375,8786487.34375
2024-05-17 12:00:00,196.24798583984375,-3198.974853515625,-6062.199279785156,9343.865565657616,-66594.0181195736,35448.79074847698
2024-05-17 12:30:00,1152.0,-17616.0,-2534.0,97117.0927734375,-1554668.890625,-908686.19140625
2024-05-17 13:00:00,813.125,6831.4375,1559.375,1758.9139442443848,39430.72735595703,-63690.882080078125
2024-05-17 13:30:00,-1427.0,-7826.0,-12094.0,-111009.0888671875,-850882.93359375,-631864.267578125
2024-05-17 14:00:00,-1954.84375,-5829.0,3907.375,1063.7748718261719,-37562.562255859375,36461.384521484375
2024-05-17 14:30:00,2154.5,2482.0,-3322.0,-91314.22265625,-296874.6044921875,-850874.369140625
2024-05-17 15:00:00,32352.0,37792.0,8652.0,3840708.765625,4415647.46875,1854667.625
2024-05-17 15:30:00,-4359.53271484375,-4658.28564453125,2493.185546875,18201.14309501648,20671.03680229187,70738.67285728455
2024-05-17 16:00:00,6172.5,5197.5,-3772.0,299389.3271484375,306924.48828125,-1073162.57421875
2024-05-17 16:30:00,1488.125,1175.5625,-3379.0,-91797.68041992188,-62725.57946777344,348319.0556640625
2024-05-17 17:00:00,98496.0,80032.0,-67376.0,12577537.8125,9934974.59375,-8094744.59375
2024-05-17 17:30:00,3453.076621055603,690.4694910049438,5864.695388793945,63106.162587674335,17010.0722095049,-39060.08556051552
2024-05-17 18:00:00,17312.0,3517.0,132.0,1561377.36328125,314819.1318359375,652327.02734375
2024-05-17 18:30:00,-6977.0625,-72.3125,-1158.33984375,-39350.03820800781,-4113.996276855469,74506.8609085083
2024-05-17 19:00:00,9252.0,-441.03125,10706.0,972369.607421875,194.12661743164062,473894.033203125
2024-05-17 19:30:00,5784.0,-1131.8359375,-4481.65625,31775.336669921875,7290.046516418457,-65262.362365722656
2024-05-17 20:00:00,-964.0,1511.25,2248.0,539340.14453125,-98022.7177734375,688868.41015625
2024-05-17 20:30:00,-221568.0,346752.0,20996.0,-26501680.4375,41612857.125,1700335.7109375
2024-05-17 21:00:00,5055.393882751465,-3636.9227294921875,-2861.7979774475098,-26143.027454577386,18002.631911195815,-69219.23505400424
2024-05-17 21:30:00,-4507.25,4468.75,4370.0,-148086.54809570312,117176.8017578125,1118551.578125
2024-05-17 22:00:00,-3600.0,3475.0,1656.0,-219784.73046875,205440.6240234375,-569118.0390625
2024-05-17 22:30:00,13316.0,-15308.0,-23488.0,1174025.58984375,-1130706.734375,-2763215.0
2024-05-17 23:00:00,-1222.34375,3590.6171875,-5692.0810546875,-21588.349578857422,55854.6987991333,42611.1702709198
2024-05-17 23:30:00,-5619.0,16324.0,1980.0,-511235.48828125,1492158.01953125,-422632.9375
2024-05-18 00:00:00,971.03125,-6960.3125,678.9375,8511.696594238281,-34162.93048095703,-85418.10766601562
2024-05-18 00:30:00,-869.5,10458.0,-9014.0,-139086.0087890625,1069206.1796875,-277237.1025390625
2024-05-18 01:00:00,368.421875,5500.125,5006.25,-10501.988708496094,9163.462768554688,96909.63513183594
2024-05-18 01:30:00,-1282.875,524.0,-1000.0,44800.99108886719,769233.55078125,-497281.44921875
2024-05-18 02:00:00,-1374720.0,561920.0,1932288.0,-165024876.0,67487540.0,232704655.0
2024-05-18 02:30:00,2889.4429931640625,5347.623977661133,3151.5086059570312,-16344.993441194296,-31165.42354732752,67620.78484410048
2024-05-18 03:00:00,-3196.625,-3745.125,-4760.0,608.9805908203125,18652.210815429688,-1131199.328125
2024-05-18 03:30:00,-7432.0,-9008.0,-2623.0,-738507.552734375,-873354.326171875,470167.2138671875
2024-05-18 04:00:00,5772.875,4759.5,2055.75,49096.88330078125,62820.891845703125,152234.04833984375
2024-05-18 04:30:00,-6610.0,-4256.0,1213.0,-404403.2744140625,-319430.6787109375,-555796.798828125
2024-05-18 05:00:00,1141.0,1089.0,-8445.0,544943.0087890625,337631.25390625,-325316.1435546875
2024-05-18 05:30:00,8657.5,3714.0,-7686.0,250898.111328125,234540.0107421875,-793712.890625
2024-05-18 06:00:00,-1795.75,271.5,7000.5,15114.49658203125,27888.3525390625,48777.3369140625
2024-05-18 06:30:00,-12076.0,878.75,8124.0,-825564.451171875,134136.85400390625,1516172.78125
2024-05-18 07:00:00,6183.1875,-934.2109375,-2643.5,-1960.8359985351562,-2705.5861282348633,24855.70556640625
2024-05-18 07:30:00,-2866.0,828.375,15814.0,-346986.697265625,61177.32873535156,1074652.0078125
2024-05-18 08:00:00,-5725.1875,2175.75,-2913.75,9570.443725585938,-5997.99951171875,4903.80224609375
2024-05-18 08:30:00,5467.25,-3242.0625,5356.0,118622.240234375,-53820.869873046875,1173422.4140625
2024-05-18 09:00:00,4363.0,-2390.0,3992.0,330552.724609375,-185738.3447265625,-315880.0205078125
2024-05-18 09:30:00,3964.0,-128.0,-10444.0,1057450.89453125,-584132.607421875,-1111150.6171875
2024-05-18 10:00:00,4149.5,-3692.46875,-7064.5,236635.90234375,-53485.4168548584,-167477.935546875
2024-05-18 10:30:00,4950.0,-5288.0,5940.0625,354653.1669921875,-287092.5234375,4459.6072998046875
2024-05-18 11:00:00,-1074.0,4717.0,-1752.5,183521.59814453125,-193785.09326171875,-291083.39453125
2024-05-18 11:30:00,3184.0,-14864.0,19568.0,346653.7197265625,-1514858.51171875,3128370.703125
2024-05-18 12:00:00,816.2265625,-4491.5625,5168.759765625,-6272.646488189697,48145.150939941406,50474.599475860596
2024-05-18 12:30:00,2200.5,-4840.0,475.5,250702.279296875,-1350307.203125,-240717.57421875
2024-05-18 13:00:00,-11160.0,22552.0,-13898.0,-1295013.921875,2751099.6015625,-843782.5625
2024-05-18 13:30:00,-1346.6533203125,-5546.912109375,3802.328125,9759.094492435455,41383.038833618164,66950.53047943115
2024-05-18 14:00:00,1382.25,1016.0,-4482.0,-108627.51611328125,-479773.408203125,-1030863.94921875
2024-05-18 14:30:00,40176.0,30280.0,-59376.0,4767361.40625,3467054.2109375,-6317864.21875
2024-05-18 15:00:00,-3930.222412109375,-5196.7724609375,2106.8729248046875,13458.569930553436,19468.723640441895,72498.85567086935
2024-05-18 15:30:00,6512.0,7100.0,-2762.0,402935.5615234375,517673.9501953125,-983165.111328125
2024-05-18 16:00:00,1014.0,836.0,-4770.0,-161246.357421875,-157681.92114257812,159821.845703125
2024-05-18 16:30:00,21416.0,19184.0,-57840.0,3286312.3515625,2710545.9140625,-6900492.78125
2024-05-18 17:00:00,3029.38818359375,916.36328125,6063.5703125,63089.932940006256,24742.856142520905,-35189.32795667648
2024-05-18 17:30:00,17004.0,5220.0,2836.0,1502645.5546875,456263.2412109375,943998.5234375
2024-05-18 18:00:00,-6808.3125,-779.640625,-1650.4375,-38052.08288574219,-7027.226272583008,62857.05859375
2024-05-18 18:30:00,7640.0,388.0,12360.0,823134.62890625,84574.26806640625,665380.845703125
2024-05-18 19:00:00,6135.0,-559.0859375,-3845.8125,35802.63427734375,9424.87271118164,-30299.853515625
2024-05-18 19:30:00,-3075.0,1532.5625,3394.0,286298.548828125,-18154.094299316406,868268.4453125
2024-05-18 20:00:00,-38256.0,18696.0,-8232.0,-4458100.984375,2226803.640625,-1801191.1484375
2024-05-18 20:30:00,5550.48828125,-3170.3125,-2481.56640625,-23792.97854232788,12638.10723400116,-70602.43235969543
2024-05-18 21:00:00,-6502.0,4809.5,3656.0,-374308.0517578125,224069.61328125,1065923.09765625
2024-05-18 21:30:00,-1392.625,1118.375,3313.0,97908.52563476562,-86331.63818359375,-351201.71484375
2024-05-18 22:00:00,-112160.0,87936.0,83424.0,-13958352.59375,11210160.65625,10016726.90625
2024-05-18 22:30:00,-1446.0208206176758,3160.4506092071533,-5911.049842834473,-31224.31370101031,57590.02033204865,38442.33927502483
2024-05-18 23:00:00,-7362.0,15960.0,-508.0,-658097.68359375,1432491.36328125,-690407.55078125
2024-05-18 23:30:00,1683.3125,-6768.5,1182.796875,13315.352081298828,-38018.75402832031,-72718.38899230957
2024-05-19 00:00:00,-1689.0,9000.0,-10812.0,-223370.89990234375,939042.8984375,-483443.5625
2024-05-19 00:30:00,-234.53125,5937.25,4395.046875,-14589.371765136719,30615.12255859375,63242.58102416992
2024-05-19 01:00:00,-1230.9375,-1565.0,-2462.0,-27637.146057128906,511938.98046875,-715809.2109375
2024-05-19 01:30:00,-171392.0,-218432.0,-10710.0,-20579038.5625,-26117689.375,-464224.11328125
2024-05-19 02:00:00,2383.3526458740234,5783.304000854492,2785.310890674591,-11221.176236342639,-29031.213734798133,69579.56181509653
2024-05-19 02:30:00,-3452.75,-5782.0,-4348.0,-99022.91284179688,-217581.236328125,-1116614.62109375
2024-05-19 03:00:00,-2027.25,-3481.0,-2170.0,-83915.8408203125,-159023.20263671875,508074.513671875
2024-05-19 03:30:00,2099.0,-8.0,45536.0,-337968.2021484375,-576896.9921875,5419654.109375
2024-05-19 04:00:00,-3200.76123046875,-2024.0388498306274,5706.5234375,-51527.31597471237,-36941.69302627724,-40852.06805419922
2024-05-19 04:30:00,-14536.0,-9250.0,-1922.0,-1325591.66796875,-842051.41796875,429308.673828125
2024-05-19 05:00:00,6544.5,2550.59375,-761.4375,32195.762817382812,16666.647338867188,85140.53860473633
2024-05-19 05:30:00,-9810.0,-3204.0,9292.0,-993315.087890625,-376409.4658203125,311713.9482421875
2024-05-19 06:00:00,-5486.75,-925.375,-4961.0,-10579.755126953125,-13544.448669433594,-92022.33715820312
2024-05-19 06:30:00,-22.0,-1339.5,1090.0,-732502.599609375,-130477.05517578125,516622.337890625
2024-05-19 07:00:00,-31376.0,-1895936.0,-1563136.0,-3813109.734375,-227581264.5,-188375422.0
2024-05-19 07:30:00,-5881.012637138367,1577.2330932617188,-3147.4467163085938,33829.5796804796,-8603.75279223919,-67673.32027727365
2024-05-19 08:00:00,4396.375,-2244.375,4662.0,-12538.876831054688,-5324.24853515625,1126274.7421875
2024-05-19 08:30:00,10562.0,-5180.0,2091.0,1025047.4140625,-517281.857421875,-530052.630859375
2024-05-19 09:00:00,-6062.75,4563.375,-1942.25,-83997.6318359375,38905.4384765625,-139011.3759765625
2024-05-19 09:30:00,5746.0,-5484.0,-1618.0,416913.5537109375,-327546.38671875,512405.748046875
2024-05-19 10:00:00,-731.0,258.0,8834.0,-386409.1357421875,384441.525390625,377664.009765625
2024-05-19 10:30:00,-4396.0,6429.125,7370.0,-140114.5927734375,54152.024658203125,755561.431640625
2024-05-19 11:00:00,-328.75,-1041.0,-7127.25,-86280.67724609375,96071.8828125,-60396.577392578125
2024-05-19 11:30:00,-110.0,-9150.0,-10232.0,-186168.89306640625,-493574.162109375,-1761707.85546875
2024-05-19 12:00:00,-564.51953125,5710.5,2356.75,-2257.9163398742676,-62573.177490234375,-59523.92352294922
2024-05-19 12:30:00,40.25,-4445.0,-19648.0,42794.59460449219,-532062.9951171875,-1532271.0078125
2024-05-19 13:00:00,-787.623046875,-5980.625,3205.6875,4998.843768596649,24782.848388671875,38573.760314941406
2024-05-19 13:30:00,1674.5,4445.0,-5080.0,-328.6715087890625,-64942.90478515625,-1140535.76171875
2024-05-19 14:00:00,3970.0,11212.0,-4463.0,421294.9833984375,1130957.76953125,260528.248046875
2024-05-19 14:30:00,-3524.21875,-5963.3125,2428.5,-3225.3923950195312,-17259.255493164062,158464.14404296875
2024-05-19 15:00:00,4600.5,6007.0,-874.0,235398.54052734375,379020.2275390625,-784910.0234375
2024-05-19 15:30:00,-1722.0,-2576.0,-3984.0,-491422.0439453125,-624315.99609375,230705.421875
2024-05-19 16:00:00,-29968.0,-40488.0,-3186.0,-2930275.953125,-4380303.984375,-292446.814453125
2024-05-19 16:30:00,2599.69580078125,1061.8046875,6238.592041015625,61834.053884506226,32553.350093841553,-30970.42328262329
2024-05-19 17:00:00,16144.0,6714.0,5404.0,1388601.92578125,567878.259765625,1218025.234375
2024-05-19 17:30:00,-6521.21875,-1437.21875,-2090.25,-33035.42379760742,-8384.897705078125,55256.689453125
2024-05-19 18:00:00,5768.0,827.75,13742.0,642663.701171875,132151.85791015625,827003.90234375
2024-05-19 18:30:00,6273.5,54.34375,-3273.125,24436.619384765625,9756.811004638672,-3252.2125244140625
2024-05-19 19:00:00,-5171.125,1133.783203125,4188.0,24815.436279296875,8443.778839111328,1002653.75
2024-05-19 19:30:00,-8376.0,1585.5,-276.0,-825469.392578125,174841.5126953125,-837402.25390625
2024-05-19 20:00:00,10024.0,-3391.25,-1707.875,464798.2646484375,-83659.26904296875,-24259.53173828125
2024-05-19 20:30:00,-5159.5,3122.25,-4286.75,-210042.31689453125,85796.81481933594,142814.26025390625
2024-05-19 21:00:00,-5671.0,3546.0,11918.0,-360638.806640625,206796.798828125,702463.783203125
2024-05-19 21:30:00,3932.0,-4553.75,148.5,-90887.52880859375,56133.028564453125,-23514.823852539062
2024-05-19 22:00:00,-12468.0,15332.0,-7338.5,-1346719.234375,1570624.015625,-113889.00439453125
2024-05-19 22:30:00,-2165.0703125,3593.421875,5465.65625,31859.37410736084,-56453.000747680664,58189.4446105957
2024-05-19 23:00:00,-4324.0,4612.0,2676.0,-783065.05859375,1290649.87109375,60719.63720703125
2024-05-19 23:30:00,1501.5,-192.0,-15342.0,163876.86572265625,-119342.7177734375,-1020426.8125
2024-05-20 00:00:00,-536.625,5460.2265625,3291.5,23172.3837890625,-47111.56482696533,-28981.789794921875
2024-05-20 00:30:00,-752.25,-2389.0,-8020.0,-45297.50671386719,396181.2880859375,-1422808.0234375
2024-05-20 01:00:00,-1169.5,-4969.0,-13368.0,-155285.47314453125,-459456.130859375,-789352.40234375
2024-05-20 01:30:00,1664.34375,5535.0,1754.25,-24031.420288085938,-99488.72900390625,-8566.713134765625
2024-05-20 02:00:00,-4897.0,-13098.0,-7580.0,-338865.876953125,-1097056.6015625,-1536267.73828125
2024-05-20 02:30:00,-984.984375,-2123.5,-6153.75,36329.12900161743,56193.54872131348,11307.484252929688
2024-05-20 03:00:00,-1520.0,-7436.0,-14308.0,-709329.716796875,-1528243.78125,-1715035.58203125
2024-05-20 03:30:00,-2810.59375,-2547.25,5651.6875,-59425.38424682617,-94819.51452636719,-68664.94323730469
2024-05-20 04:00:00,-13396.0,-11824.0,-1825.0,-1188834.65234375,-1086883.93359375,411266.564453125
2024-05-20 04:30:00,6159.5625,3187.25,-1167.296875,30708.46649169922,20859.53887939453,82556.04814147949
2024-05-20 05:00:00,-8512.0,-3808.0,10871.0,-882928.380859375,-445701.0615234375,492236.9609375
2024-05-20 05:30:00,-5699.25,-1590.6875,-4411.5625,-22821.73876953125,-19764.249633789062,-64523.022888183594
2024-05-20 06:00:00,1673.0,-869.0,2380.0,-505187.853515625,-148754.51171875,712727.015625
2024-05-20 06:30:00,294976.0,-152832.0,21440.0,35304663.625,-18374112.9375,1754051.203125
2024-05-20 07:00:00,-6181.576530456543,981.2704849243164,-2792.8296608924866,30692.66605260223,-4166.509810941294,-69567.36287174409
2024-05-20 07:30:00,6365.5,-2010.125,4268.0,230949.6728515625,-45462.37335205078,1112592.66796875
2024-05-20 08:00:00,3896.0,-1188.0,1902.0,175343.19189453125,-45496.47607421875,-536377.818359375
2024-05-20 08:30:00,-10622.0,5123.5,-48880.0,-577738.20703125,174421.33544921875,-5819234.390625
2024-05-20 09:00:00,2683.486328125,-2627.42333984375,-5740.681640625,47620.186794281006,-41584.06836938858,40932.45900917053
2024-05-20 09:30:00,12328.0,-11996.0,1641.0,1119243.50390625,-1091501.8125,-457866.751953125
2024-05-20 10:00:00,-3999.6875,5780.3125,761.203125,-24336.663452148438,28185.355102539062,-83957.04016113281
2024-05-20 10:30:00,5362.0,-8758.0,-9309.0,594570.55859375,-876818.626953125,-310789.51171875
2024-05-20 11:00:00,2182.4375,-5159.75,4909.25,16337.631103515625,-8388.677856445312,92034.39672851562
2024-05-20 11:30:00,1245.0,430.0,-1275.0,288632.841796875,-664819.548828125,-537733.93359375
2024-05-20 12:00:00,1871360.0,646400.0,778752.0,224658007.0,77515082.25,94284346.75
2024-05-20 12:30:00,-177.42999267578125,-6107.197692871094,3089.8741455078125,528.6329426169395,34511.13253566623,67963.79136741161
2024-05-20 13:00:00,1173.841796875,5103.75,-4718.0,9179.966491699219,27163.474548339844,-1132043.1875
2024-05-20 13:30:00,2029.5,9574.0,-2140.0,197553.25634765625,886827.93359375,525601.7734375
2024-05-20 14:00:00,-3186.875,-7694.0,2632.5,-35752.746337890625,-179049.58984375,229608.08740234375
2024-05-20 14:30:00,3183.5,5074.0,2608.0,124544.36694335938,268914.18212890625,-392517.380859375
2024-05-20 15:00:00,744.0,780.5,-16596.0,-186387.5625,-279783.2763671875,-1308353.171875
2024-05-20 15:30:00,-5057.3125,-4485.453125,-1068.875,1052.3378601074219,3840.527786254883,8169.64990234375
2024-05-20 16:00:00,8668.0,6884.0,10883.0,838513.97265625,730959.880859375,512634.615234375
2024-05-20 16:30:00,4479.0,2602.6875,-5046.625,-11237.262329101562,3858.6207885742188,-70535.205078125
2024-05-20 17:00:00,996.0,2115.0,857.0,830150.2109375,489566.732421875,451975.5126953125
2024-05-20 17:30:00,-92448.0,-197952.0,-466304.0,-11100615.71875,-23714472.5625,-56783077.75
2024-05-20 18:00:00,5896.044345855713,591.0365753173828,-3445.2679595947266,-37994.58086648397,-4046.6606909520924,-65839.77003329247
2024-05-20 18:30:00,-3335.0,735.4375,4730.0,225727.4501953125,30759.99053955078,1104041.703125
2024-05-20 19:00:00,-26016.0,5382.0,11115.0,-2897048.0546875,641211.0703125,540950.93359375
2024-05-20 19:30:00,6322.263671875,-2017.99853515625,-1765.0078125,-17754.094720840454,4533.108580589294,-77066.71057891846
2024-05-20 20:00:00,-9886.0,4064.0,1470.0,-783264.701171875,259810.5439453125,860865.9375
2024-05-20 20:30:00,-1299.0,853.375,5506.25,219336.88330078125,-103770.330078125,-43815.60546875
2024-05-20 21:00:00,-11712.0,6592.0,32232.0,-2025697.078125,1328855.3359375,3780055.8203125
2024-05-20 21:30:00,-1630.4296875,2274.48828125,-6250.48046875,-47481.517250061035,53506.89358520508,32721.279121398926
2024-05-20 22:00:00,-10242.0,14108.0,-5476.0,-869175.306640625,1211297.80859375,-1221858.921875
2024-05-20 22:30:00,2905.171875,-6008.125,2076.8125,15694.765701293945,-30049.04379272461,-55036.364501953125
2024-05-20 23:00:00,-2160.5,5460.0,-13770.0,-280635.6640625,601611.66015625,-828142.1875
2024-05-20 23:30:00,-1504.6875,6107.25,3233.375,-15032.814025878906,21209.615966796875,4659.0977783203125
2024-05-21 00:00:00,138.8125,-5473.125,-4228.0,-8464.383972167969,3.349365234375,-1005783.498046875
2024-05-21 00:30:00,427.0625,-7450.0,-160.0,24674.552185058594,-713940.619140625,786801.28515625
2024-05-21 01:00:00,773.125,13472.0,2509.0,-51579.079833984375,822827.623046875,127211.90478515625
2024-05-21 01:30:00,-1737.3828125,-4812.625,4715.5,-22466.200050354004,-113715.81298828125,-89940.82202148438
2024-05-21 02:00:00,-3934.0,-10886.0,-10789.0,-332915.072265625,-943612.41796875,-565562.810546875
2024-05-21 02:30:00,3685.28125,5377.75,394.125,-14073.928344726562,-41204.59716796875,95619.09362792969
2024-05-21 03:00:00,-8946.0,-11900.0,3918.5,-847534.517578125,-1221171.734375,-294982.474609375
2024-05-21 03:30:00,-2870.1875,-2769.5,-5652.375,62879.47772216797,64592.76336669922,-79002.20581054688
2024-05-21 04:00:00,-3704.0,-5338.0,-4247.0,-1099313.5703125,-1067134.15625,-242738.7490234375
2024-05-21 04:30:00,-2783.5,-2377.5,11670.0,-238781.7744140625,-279927.787109375,581887.80078125
2024-05-21 05:00:00,-5965.5,-2612.5,-2609.5,-52782.34326171875,-65759.630859375,112681.1796875
2024-05-21 05:30:00,8289.0,2036.75,4450.0,322050.57421875,130873.47412109375,1000010.623046875
2024-05-21 06:00:00,621.125,382.28125,4530.0,-58009.23028564453,-384.41490173339844,-268568.5771484375
2024-05-21 06:30:00,19560.0,16312.0,89120.0,3142216.2421875,1916763.50390625,10917221.65625
2024-05-21 07:00:00,4739.911682128906,-1196.4071655273438,-4806.9315185546875,52025.29726964235,-11674.789738714695,54279.96486866474
2024-05-21 07:30:00,12280.0,-2996.0,10212.0,1132789.4453125,-280103.3798828125,479223.5078125
2024-05-21 08:00:00,-5881.4375,2972.453125,-841.1875,34602.1640625,-8586.564010620117,-100316.33227539062
2024-05-21 08:30:00,11858.0,-6788.0,-1770.0,1155730.39453125,-594313.224609375,537899.064453125
2024-05-21 09:00:00,2639.75,-2155.125,5809.375,-104916.05603027344,73857.81530761719,71344.13330078125
2024-05-21 09:30:00,7000.0,-4140.0,7826.0,1356147.578125,-1102321.94140625,718952.25390625
2024-05-21 10:00:00,1858.0,-2296.5,-7193.25,181125.58642578125,-145092.380859375,-48288.915771484375
2024-05-21 10:30:00,7186.0,-10498.0,-2770.0,542021.458984375,-654167.181640625,-792065.88671875
2024-05-21 11:00:00,-2124.75,6379.0,3419.0,-48375.7158203125,89238.00830078125,-14519.13232421875
2024-05-21 11:30:00,-385.890625,211.875,-12912.0,8054.448928833008,-56377.967712402344,-729052.587890625
2024-05-21 12:00:00,380.21875,-6203.875,1176.5,-14293.804931640625,36705.722564697266,-118355.68896484375
2024-05-21 12:30:00,-81.75,16236.0,-2696.0,-76892.08569335938,1384824.0859375,-922022.669921875
2024-05-21 13:00:00,103.623046875,1712.125,-6426.875,-14426.422428131104,-102089.18273925781,-4744.5384521484375
2024-05-21 13:30:00,-1571.5,4168.0,-17088.0,79077.59741210938,1280172.94921875,-2090716.34375
2024-05-21 14:00:00,1858.90625,3411.25,5353.75,20734.49154663086,79974.88317871094,-85589.74389648438
2024-05-21 14:30:00,9160.0,16592.0,-3261.0,843454.537109375,1559988.62109375,265494.79296875
2024-05-21 15:00:00,-4643.15625,-5141.75,-805.5,-15481.946655273438,-20569.826782226562,84911.39126586914
2024-05-21 15:30:00,7536.0,7496.0,9654.0,747424.755859375,813009.802734375,354055.7607421875
2024-05-21 16:00:00,4463.625,3267.0,-4886.3125,-1605.761474609375,11838.135986328125,-87069.30529785156
2024-05-21 16:30:00,-432.0,1299.0,1295.0,611783.0703125,456265.3134765625,545636.59765625
2024-05-21 17:00:00,-542592.0,1632768.0,-756992.0,-65094450.5,195976373.0,-91667148.5
2024-05-21 17:30:00,5979.966827392578,1240.313720703125,-3111.19384765625,-33685.554849125445,-7473.078995078802,-67875.19069957733
2024-05-21 18:00:00,-5118.75,-14.875,4638.0,-16450.49755859375,5189.852996826172,1126905.6796875
2024-05-21 18:30:00,-10572.0,-202.6328125,1810.0,-1000687.40234375,-8841.291763305664,-562022.923828125
2024-05-21 19:00:00,7978.5,-1332.734375,-2166.0,153327.84716796875,5023.934501647949,-170599.46948242188
2024-05-21 19:30:00,-6549.0,2080.625,-2456.0,-397511.4462890625,78352.25,414189.375
2024-05-21 20:00:00,-63.0,318.0,12314.0,421544.1796875,-144904.89819335938,797837.171875
2024-05-21 20:30:00,5578.125,-3820.34375,2377.5,1277.6292877197266,7506.511535644531,151959.7412109375
2024-05-21 21:00:00,-4502.0,3844.5,-13172.0,-402167.263671875,287937.39501953125,-784629.876953125
2024-05-21 21:30:00,-3767.125,3952.25,4334.375,-23823.914794921875,10058.535400390625,-10407.219970703125
2024-05-21 22:00:00,-1292.0,-582.0,-3882.0,-548987.802734375,566936.15625,-812084.896484375
2024-05-21 22:30:00,-80224.0,-35456.0,-106592.0,-9662689.4375,-4269807.625,-11967553.0625
2024-05-21 23:00:00,-1941.554916381836,5613.812286376953,3403.5712032318115,12649.14434504509,-35832.267291978,66066.10677490011
2024-05-21 23:30:00,129.0,-3621.5,-4836.0,-73473.09252929688,187740.8193359375,-1114148.26171875
2024-05-22 00:00:00,1139.75,-22920.0,-9392.0,89279.80810546875,-2530421.8984375,-332010.9375
2024-05-22 00:30:00,503.278076171875,6633.43359375,1741.375,-348.7142913341522,-17089.205223083496,79880.52349853516
2024-05-22 01:00:00,-1672.125,-10620.0,-1376.0,-72321.90930175781,-829820.150390625,-847493.75390625
2024-05-22 01:30:00,-530.1875,-1467.5,-5576.0,49991.37286376953,236625.482421875,37625.34814453125
2024-05-22 02:00:00,-3318.0,-11924.0,-30904.0,-778065.775390625,-2158450.1015625,-3615614.2890625
2024-05-22 02:30:00,-1833.109375,-2111.7109375,6229.2890625,-41277.521715164185,-59139.22872161865,-33297.33865356445
2024-05-22 03:00:00,-11458.0,-13356.0,5544.0,-989954.6640625,-1141539.69921875,1232492.33203125
2024-05-22 03:30:00,5166.46875,4206.4375,-2116.875,25473.194244384766,21998.923431396484,55531.24139404297
2024-05-22 04:00:00,-4680.0,-3257.0,13834.0,-505693.544921875,-399820.8251953125,837966.208984375
2024-05-22 04:30:00,-5583.625,-2870.125,-3235.875,-16495.484619140625,-18886.753295898438,-2024.97216796875
2024-05-22 05:00:00,5249.25,1379.1875,4230.0,-1730.33349609375,-10160.077209472656,1010378.251953125
2024-05-22 05:30:00,7440.0,2200.0,90.0,721907.8203125,196332.78173828125,-792689.087890625
2024-05-22 06:00:00,-12326.0,-2059.5,-2292.875,-673886.78125,-203801.96142578125,-97880.67498779297
2024-05-22 06:30:00,5255.5,-551.3125,-4636.25,138141.8701171875,7511.428161621094,102991.82165527344
2024-05-22 07:00:00,10540.0,-1135.25,11190.0,877821.15625,-84166.03686523438,616908.716796875
2024-05-22 07:30:00,-5985.875,2330.96875,-366.34375,55184.07653808594,-5217.809921264648,-88643.42645263672
2024-05-22 08:00:00,14320.0,-6266.0,-3938.5,1466702.27734375,-580312.259765625,295392.6005859375
2024-05-22 08:30:00,3401.5,-2175.21875,5570.75,-73583.50268554688,44610.367248535156,73063.75103759766
2024-05-22 09:00:00,6204.0,-2454.0,3775.5,1311287.75390625,-833109.765625,189740.791015625
2024-05-22 09:30:00,1705.25,-1669.625,-12312.0,177843.28125,-109359.92297363281,-656548.75
2024-05-22 10:00:00,3546.0,-5048.125,2442.5,30499.178466796875,-16619.403930664062,-128270.865234375
2024-05-22 10:30:00,-4292.0,8305.0,-6384.0,-248676.50244140625,368076.49609375,-1228668.25
2024-05-22 11:00:00,-745.75,958.25,-5768.0,-13682.814575195312,-3203.718994140625,122161.80419921875
2024-05-22 11:30:00,-7558.0,4880.0,-29392.0,-1050926.59765625,1369269.95703125,-3743791.9140625
2024-05-22 12:00:00,45.4296875,4905.93359375,4746.75,-3239.1979370117188,55009.670024871826,-58788.38009643555
2024-05-22 12:30:00,25.53125,12608.0,-10550.0,4814.861846923828,1163350.06640625,-517294.78515625
2024-05-22 13:00:00,-1534.7811279296875,-6406.875,776.375,184.72942459583282,36039.95477294922,97778.95806884766
2024-05-22 13:30:00,3915.0,13304.0,2027.0,317308.783203125,1285591.5234375,-504719.73828125
2024-05-22 14:00:00,1496.4375,3110.375,-5841.4375,-45815.58575439453,-113282.58959960938,-72386.05401611328
2024-05-22 14:30:00,2188.0,7412.0,-7540.0,732110.716796875,1530566.015625,-679601.45703125
2024-05-22 15:00:00,1866.75,2624.5,7249.75,107256.27734375,244436.05859375,57214.1708984375
2024-05-22 15:30:00,8120.0,9320.0,1600.0,460085.30859375,667109.064453125,655077.732421875
2024-05-22 16:00:00,-5863.75,-3733.5,-3347.0,-94447.11767578125,-91384.10546875,27551.090576171875
2024-05-22 16:30:00,293.5625,-162.8125,12364.0,103299.35888671875,52606.415588378906,665560.037109375
2024-05-22 17:00:00,6058.3125,1858.21875,-906.0,-18424.240020751953,-15952.002395629883,154619.2705078125
2024-05-22 17:30:00,-16240.0,-4012.0,824.0,-1386366.23828125,-416729.8076171875,700786.80859375
2024-05-22 18:00:00,-1680.875,-288.390625,6504.84375,105086.42346191406,10262.379608154297,16846.132385253906
2024-05-22 18:30:00,-3120.0,-2360.0,16412.0,-1194832.19140625,-203370.57080078125,2014339.8984375
2024-05-22 19:00:00,-3753.5625,994.28125,-5289.75,-84100.9995727539,-1222.7130126953125,96030.31713867188
2024-05-22 19:30:00,-18716.0,5093.0,3413.0,-1766296.67578125,461400.94921875,-244006.6630859375
2024-05-22 20:00:00,6065.21875,-3322.796875,775.125,21905.106323242188,-9710.959609985352,-84294.72451782227
2024-05-22 20:30:00,-9142.0,5656.0,-9594.0,-976746.970703125,546291.0546875,-344603.1220703125
2024-05-22 21:00:00,-4201.375,3585.1875,4865.625,-9212.9130859375,-5531.857360839844,88321.75451660156
2024-05-22 21:30:00,-1190.0,-690.0,-1399.0,-588870.013671875,493568.7265625,-554217.822265625
2024-05-22 22:00:00,-1384960.0,-802816.0,476672.0,-166261125.0,-96315860.5,58018630.25
2024-05-22 22:30:00,-2592.0750732421875,5539.67431640625,3077.380401611328,15006.646757304668,-30924.9888574332,68031.43053194135
2024-05-22 23:00:00,1276.9921875,-5144.1875,-4708.0,7790.136154174805,-36461.02017211914,-1132024.44921875
2024-05-22 23:30:00,2430.5,-9118.0,-2073.0,214685.16650390625,-838122.654296875,533179.13671875
2024-05-23 00:00:00,-685.125,8549.5,2827.5,-56910.322021484375,205102.88525390625,254453.83935546875
2024-05-23 00:30:00,-576.4375,-5589.0,2917.0,7671.584533691406,-252487.87646484375,-356273.8349609375
2024-05-23 01:00:00,-601.4375,-4017.75,-18200.0,6191.623291015625,-23509.756103515625,-1501510.34375
2024-05-23 01:30:00,2497.484375,6204.3125,-825.875,768.1110000610352,-12928.301879882812,38640.0791015625
2024-05-23 02:00:00,-5081.0,-11038.0,10205.0,-472922.8330078125,-1150118.16015625,430881.0400390625
2024-05-23 02:30:00,-2786.78125,-4246.4375,-5102.5625,17291.463287353516,13482.364013671875,-78257.96862792969
2024-05-23 03:00:00,-218.0,-2714.0,510.0,-554236.91796875,-855732.017578125,411558.1826171875
2024-05-23 03:30:00,23680.0,303104.0,-187392.0,2863975.3203125,36348085.5,-23313345.8125
2024-05-23 04:00:00,-5003.681118011475,-3183.49373626709,-3436.6137619018555,32026.55573506467,20663.135318525136,-65892.83320964128
2024-05-23 04:30:00,3348.0,869.5,4732.0,-182364.06982421875,-125625.07958984375,1105184.05078125
2024-05-23 05:00:00,25080.0,6864.0,10594.0,2805488.765625,726566.650390625,478693.681640625
2024-05-23 05:30:00,-6558.13671875,-1043.74609375,-1759.2421875,17576.927673339844,3862.836883544922,-77417.08032989502
2024-05-23 06:00:00,10664.0,822.0,1436.0,818230.884765625,120764.6474609375,857364.029296875
2024-05-23 06:30:00,1545.0,-179.09375,5517.0,-243283.9326171875,-6133.558898925781,-41982.218505859375
2024-05-23 07:00:00,13256.0,-616.0,32016.0,2386629.734375,-275024.9375,3753812.15625
2024-05-23 07:30:00,2473.515625,-1294.68310546875,-6252.89453125,66576.27283477783,-26427.84358072281,32722.261810302734
2024-05-23 08:00:00,15488.0,-7988.0,-5524.0,1320151.6015625,-690203.525390625,-1226953.37109375
2024-05-23 08:30:00,-5295.28125,4056.125,2082.8125,-27408.407440185547,19719.52928161621,-54952.89440917969
2024-05-23 09:00:00,4366.0,-3888.0,-13790.0,519302.7666015625,-409416.22265625,-830606.36328125
2024-05-23 09:30:00,4091.625,-4777.25,3226.625,22740.094848632812,-12019.195922851562,4405.9932861328125
2024-05-23 10:00:00,-2603.0,4842.75,-4240.0,5475.7154541015625,6242.177307128906,-1007473.576171875
2024-05-23 10:30:00,-3686.0,6356.0,-246.0,-337385.94140625,613668.423828125,776631.392578125
2024-05-23 11:00:00,5589.0,-12734.0,2804.5,442366.009765625,-753975.576171875,163040.71313476562
2024-05-23 11:30:00,-584.3125,5004.0,4736.75,-27533.695251464844,102884.27819824219,-87544.7763671875
2024-05-23 12:00:00,-1406.75,11984.0,-10623.0,-129765.94873046875,1051104.375,-545772.70703125
2024-05-23 12:30:00,-863.71875,-6508.0625,407.75,-5186.56999206543,37477.06042480469,97542.78131103516
2024-05-23 13:00:00,2565.5,14312.0,3923.5,198993.0439453125,1431402.0546875,-294481.712890625
2024-05-23 13:30:00,1313.703125,3749.125,-5681.375,-27417.1990814209,-87950.45776367188,-82561.98156738281
2024-05-23 14:00:00,885.0,6360.0,-4391.0,499267.271484375,1438697.2734375,-259845.005859375
2024-05-23 14:30:00,1469.125,3791.0,11458.0,93739.66638183594,407435.2919921875,556382.17578125
2024-05-23 15:00:00,4165.5,5134.0,-2698.0,19267.088989257812,96400.189453125,102056.40576171875
2024-05-23 15:30:00,-6242.0,-5289.0,3962.0,-199497.513671875,-230569.0654296875,941781.046875
2024-05-23 16:00:00,-153.40625,-425.9375,3940.0,79127.82455444336,49871.24890136719,-339320.66796875
2024-05-23 16:30:00,-7636.0,-34912.0,168064.0,-1644389.765625,-4509704.828125,20386758.875
2024-05-23 17:00:00,-4771.728984832764,-1064.8570098876953,-4806.491470336914,-51691.27153928019,-12959.697367958724,54241.111469730735
2024-05-23 17:30:00,-12312.0,-2850.5,10216.0,-1137301.4921875,-259584.5869140625,479563.5517578125
2024-05-23 18:00:00,6589.25,-7.265625,-842.4375,-34812.764221191406,-7910.940765380859,-100287.5209350586
2024-05-23 18:30:00,-13644.0,724.890625,-1761.0,-1299522.19140625,10546.841270446777,538802.603515625
2024-05-23 19:00:00,-3324.25,735.8125,5809.9375,127037.86694335938,-18744.93878173828,71201.28674316406
2024-05-23 19:30:00,-8124.0,548.0,7846.0,-1708185.859375,374254.904296875,721734.23828125
2024-05-23 20:00:00,-2688.0,1215.5625,-7185.25,-226109.21728515625,47999.39505004883,-47423.150634765625
2024-05-23 20:30:00,-11166.0,6160.0,-2802.0,-781711.078125,342655.724609375,-796204.603515625
2024-05-23 21:00:00,4761.5,-4736.8125,3412.625,82299.60400390625,-57349.216552734375,-14762.93896484375
2024-05-23 21:30:00,431.0625,-5.90625,-12942.0,-33170.71765136719,47312.852966308594,-732610.81640625
2024-05-23 22:00:00,-3133.8125,5368.9423828125,1196.5,28915.727661132812,-26118.267451286316,-116694.40966796875
2024-05-23 22:30:00,7324.0,-14364.0,-2782.0,685201.728515625,-1189724.65625,-931674.771484375
2024-05-23 23:00:00,674.8125,-1565.3125,-6420.6875,-33206.40612792969,97979.28503417969,-3663.8923950195312
2024-05-23 23:30:00,3290.0,-3024.0,-17212.0,506913.828125,-1179962.5546875,-2107167.5078125
2024-05-24 00:00:00,-129.3125,-3885.75,5358.375,16910.914794921875,-80174.00610351562,-84532.94580078125
2024-05-24 00:30:00,-726.875,-18880.0,-3272.0,-53018.73547363281,-1766471.60546875,264773.7431640625
2024-05-24 01:00:00,1832.673828125,6683.6875,-794.1875,4558.744272232056,25383.121032714844,85087.74639892578
2024-05-24 01:30:00,-3362.0,-10108.0,9606.0,-301931.1357421875,-1063925.54296875,348591.4462890625
2024-05-24 02:00:00,-2510.9375,-4917.25,-4899.875,6939.048583984375,-9412.162841796875,-87739.27941894531
2024-05-24 02:30:00,952.0,-1002.0,1257.0,-343475.90234375,-687662.767578125,539870.8564453125
2024-05-24 03:00:00,1158912.0,-1220608.0,-885760.0,139100361.5,-146516437.0,-107127654.75
2024-05-24 03:30:00,-4777.704681396484,-3796.1300048828125,-3121.0362548828125,26806.68238413334,21896.850839793682,-67818.89870776236
2024-05-24 04:00:00,4525.125,2284.75,4646.0,11533.228332519531,-1580.3172607421875,1126813.7578125
2024-05-24 04:30:00,9634.0,5062.0,1884.0,925159.0234375,473590.732421875,-553872.171875
2024-05-24 05:00:00,-7582.75,-2323.75,-2097.5,-117795.3017578125,-64246.883544921875,-160869.6396484375
2024-05-24 05:30:00,7070.0,1163.5,-2214.0,423218.759765625,117628.5830078125,442500.54296875
2024-05-24 06:00:00,-383.0,-361.5,11234.0,-510131.34375,-73071.19848632812,667281.181640625
2024-05-24 06:30:00,-6949.5625,803.875,3187.0,-27358.511657714844,-18915.1806640625,250693.115234375
2024-05-24 07:00:00,3062.75,-1031.9375,-11984.0,164726.31811523438,-30739.800842285156,-642410.03125
2024-05-24 07:30:00,5333.5,-1955.5,3396.0,49754.1875,-13341.074096679688,-124321.96337890625
2024-05-24 08:00:00,-2592.0,2315.5,-7612.0,328099.5498046875,-113921.68408203125,-1257926.24609375
2024-05-24 08:30:00,-4047.0,3245.0,-11446.0,-462426.423828125,419281.7734375,-548159.947265625
2024-05-24 09:00:00,3363.5,-3418.25,2499.5,-134506.13720703125,112181.07568359375,-44205.949951171875
2024-05-24 09:30:00,-2133.0,3505.5,-19000.0,104427.4716796875,-96025.5361328125,-2812210.53125
2024-05-24 10:00:00,-928.8125,1008.46875,-7007.6875,29082.722106933594,-52505.60134887695,-45387.23974609375
2024-05-24 10:30:00,-1661.0,-1585.0,-13324.0,-511016.013671875,562975.548828125,-1730337.84765625
2024-05-24 11:00:00,-1140.375,3984.875,4072.0,-50805.4560546875,21602.66943359375,-192365.4775390625
2024-05-24 11:30:00,-6128.0,22128.0,-13524.0,-651251.8515625,2237740.8671875,-915066.86328125
2024-05-24 12:00:00,-112.4375,-6839.50390625,-88.125,-1809.1426000595093,-74.42398071289062,80760.13536071777
2024-05-24 12:30:00,857.75,12724.0,6629.25,30500.154357910156,1270634.2109375,15528.480590820312
2024-05-24 13:00:00,1008.32177734375,4429.28125,-5618.75,-14541.414063930511,-51947.747970581055,-105272.99182128906
2024-05-24 13:30:00,-424.5,3992.0,-2095.03125,262874.0009765625,1178871.54296875,55854.29968261719
2024-05-24 14:00:00,443.375,3915.0,53344.0,-2124.2781982421875,450525.8173828125,5581091.328125
2024-05-24 14:30:00,3426.4313049316406,4588.2763671875,-3763.267578125,-25042.67964822054,-33355.100249290466,-62982.8496837616
2024-05-24 15:00:00,-1774.0,-531.0,4524.0,273145.802734375,378672.31640625,1043629.65234375
2024-05-24 15:30:00,-46272.0,-14456.0,52384.0,-5432358.984375,-1599189.90625,5481544.84375
2024-05-24 16:00:00,5660.5517578125,3237.6202392578125,-2104.1148071289062,-19822.63828277588,-12509.640684247017,-72545.75771313906
2024-05-24 16:30:00,-8748.0,-3958.0,2678.0,-574762.11328125,-318201.0498046875,979156.916015625
2024-05-24 17:00:00,-1238.5,-349.75,4728.5,218019.49267578125,85205.74047851562,-159898.72216796875
2024-05-24 17:30:00,-28344.0,-9156.0,60464.0,-4220382.34375,-1192798.328125,7214450.671875
2024-05-24 18:00:00,-3107.93408203125,348.439453125,-6101.657958984375,-67759.88565158844,2039.5212976932526,34657.52181482315
2024-05-24 18:30:00,-17536.0,1889.0,-3102.0,-1538845.30859375,170975.08544921875,-969842.96484375
2024-05-24 19:00:00,6560.8125,-1955.9765625,1657.625,37715.42401123047,-8539.222244262695,-61565.248474121094
2024-05-24 19:30:00,-7140.0,2630.5,-12422.0,-789052.10546875,245256.04833984375,-670379.908203125
2024-05-24 20:00:00,-5440.0,2939.125,3782.9375,-36291.255126953125,5347.4114990234375,29849.509765625
2024-05-24 20:30:00,2430.0,-2723.0,-3522.0,-230742.6484375,115685.8359375,-882738.2734375
2024-05-24 21:00:00,22960.0,-25232.0,6736.0,2637221.34375,-2959089.6484375,1623320.15625
2024-05-24 21:30:00,-3871.84765625,5116.56640625,2415.884765625,16068.548583984375,-19991.7905960083,70255.84476852417
2024-05-24 22:00:00,4283.0,-7231.0,-3566.0,280149.4658203125,-384998.2333984375,-1053992.609375
2024-05-24 22:30:00,743.5,-1418.0,-3700.0,-68561.14135742188,138232.18872070312,306181.662109375
2024-05-24 23:00:00,47568.0,-87200.0,-91680.0,5906006.0,-11264594.5625,-11003784.53125
2024-05-24 23:30:00,86.9427490234375,-3459.8500213623047,5899.857048034668,6130.549333721399,-65477.24034918845,-38388.79735414684
2024-05-26 00:00:00,512.0,8192.0,0.0,43865.640625,-1637490.75,820464.125
2024-05-26 00:30:00,-861.75,-6156.0,6685.312215566635,-49987.33312988281,-652822.017578125,-15637.464307911578
2024-05-26 01:00:00,-2010.875,-8861.0,-4841.75,-47252.975341796875,-386076.8642578125,-149750.38623046875
2024-05-26 01:30:00,2685.671875,5190.625,-1541.0,12034.576782226562,11280.277465820312,275788.04150390625
2024-05-26 02:00:00,-4962.0,-9000.0,18032.0,-633609.375,-1208533.14453125,1350990.8046875
2024-05-26 02:30:00,-4139.28125,-5069.71875,-2409.5625,7488.827392578125,4805.02001953125,-61525.05111694336
2024-05-26 03:00:00,6032.0,5848.0,2934.0,306822.3193359375,361322.8505859375,979002.353515625
2024-05-26 03:30:00,602.75,467.75,3616.0,-189285.96337890625,-167306.1962890625,-315180.9013671875
2024-05-26 04:00:00,66592.0,53280.0,204928.0,8725000.875,6770810.5,24603906.75
2024-05-26 04:30:00,3365.9578552246094,891.768180847168,-5906.536949157715,62009.31246294081,20997.875001594424,38528.79993914813
2024-05-26 05:00:00,16972.0,4554.0,-456.0,1523841.4140625,406261.0166015625,-685057.947265625
2024-05-26 05:30:00,-6958.125,-512.828125,1168.74609375,-39647.50378417969,-6688.556930541992,-72982.2334060669
2024-05-26 06:00:00,9198.0,142.5,-10763.0,967010.931640625,61372.4306640625,-477920.556640625
2024-05-26 06:30:00,5879.0,-772.6015625,4415.03125,32228.692138671875,9229.531963348389,64244.36636352539
2024-05-26 07:00:00,-1268.0,1470.5,-2430.0,518158.740234375,-60645.869140625,-709979.76171875
2024-05-26 07:30:00,-196224.0,227072.0,-16272.0,-23457130.4375,27249446.8125,-1131397.44921875
2024-05-26 08:00:00,5289.27770614624,-3323.444564819336,2802.668810248375,-26878.950203618035,16086.778352957219,69494.17999557097
2024-05-26 08:30:00,-5043.0,4339.0,-4380.0,-187677.9111328125,128121.81884765625,-1118702.19140625
2024-05-26 09:00:00,-3242.5,2722.0,-2122.0,-162891.9501953125,127806.91552734375,514787.103515625
2024-05-26 09:30:00,3726.28125,-5491.125,40064.0,-20617.25961303711,19645.347564697266,4759246.203125
2024-05-26 10:00:00,-1459.345703125,3512.6767578125,5696.41015625,-27243.87106704712,56512.41294670105,-40528.42961502075
2024-05-26 10:30:00,-6640.0,15848.0,-2054.0,-604462.15625,1446518.30078125,415360.0283203125
2024-05-26 11:00:00,1406.65625,-6884.3125,-727.78125,10886.094146728516,-34164.43981933594,85890.94577026367
2024-05-26 11:30:00,-1510.0,10290.0,9165.0,-204099.43505859375,1048780.515625,297354.2119140625
2024-05-26 12:00:00,16.8125,5528.625,-5002.625,-11345.308013916016,10743.0546875,-94116.17077636719
2024-05-26 12:30:00,-1318.046875,380.0,973.0,-4461.751449584961,761766.1171875,499223.4580078125
2024-05-26 13:00:00,-1447424.0,417664.0,-2098176.0,-173745567.5,50170815.5,-252610404.0
2024-05-26 13:30:00,2542.5645141601562,5515.491226196289,-3176.9227294921875,-14360.19452610612,-32169.838527306914,-67506.78214633465
2024-05-26 14:00:00,-2894.625,-3812.0,4680.0,5771.9102783203125,32486.62646484375,1125621.8125
2024-05-26 14:30:00,-7590.0,-10332.0,2405.0,-769620.015625,-1021527.43359375,-493570.470703125
2024-05-26 15:00:00,5357.625,4968.75,-1836.625,33047.34118652344,48417.50732421875,-122013.94555664062
2024-05-26 15:30:00,-6959.0,-5226.0,-1001.0,-460024.3779296875,-412329.431640625,584117.4765625
2024-05-26 16:00:00,-27.0,391.5,7259.5,392201.41796875,279849.783203125,186216.39208984375
2024-05-26 16:30:00,6367.0625,3859.0,15964.0,-9168.245544433594,202340.36181640625,1791925.0546875
2024-05-26 17:00:00,-2242.625,-35.8125,-6155.0,-38824.424560546875,5423.617919921875,54921.355895996094
2024-05-26 17:30:00,-18644.0,-751.0625,-10900.0,-1616021.76171875,-22193.71807861328,-1845711.61328125
2024-05-26 18:00:00,6434.109375,-543.702392578125,2298.96875,21799.285194396973,-3168.8461401462555,-61547.99169921875
2024-05-26 18:30:00,-4710.0,793.625,-14944.0,-564766.634765625,56576.42443847656,-968050.482421875
2024-05-26 19:00:00,-6013.0,1827.296875,2945.25,-9025.463745117188,-3634.130889892578,2145.286865234375
2024-05-26 19:30:00,5797.75,-2928.75,-4568.0,136650.12280273438,-50257.544677734375,-1074377.5234375
2024-05-26 20:00:00,3758.0,-1711.0,-2479.0,253856.748046875,-117990.39794921875,500190.28125
2024-05-26 20:30:00,5316.0,-376.0,36952.0,1254465.1796875,-576064.66796875,4294871.015625
2024-05-26 21:00:00,2709.630859375,-3488.0718994140625,5248.625,38227.13395500183,-44698.192284464836,-46523.165283203125
2024-05-26 21:30:00,9380.0,-11976.0,-6761.5,866514.5703125,-1107801.375,-99228.77172851562
2024-05-26 22:00:00,-3016.8203125,6202.21875,195.375,-2383.745277404785,5541.819625854492,106554.43951416016
2024-05-26 22:30:00,4840.0,-11462.0,5392.25,527564.1171875,-1106883.109375,-130227.3798828125
2024-05-26 23:00:00,1025.140625,-4214.78125,-5775.25,-17664.626724243164,70453.4602355957,-117999.39477539062
2024-05-26 23:30:00,2222.0,-3748.0,-3147.5,301758.21875,-1218919.76953125,-78304.0537109375
2024-05-27 00:00:00,7368.0,-14136.0,26536.0,925400.46875,-1645621.09765625,2363609.9453125
2024-05-27 00:30:00,-969.4140625,-5629.8203125,-3813.4140625,9278.088302612305,38297.34358215332,-61546.206802368164
2024-05-27 01:00:00,1336.75,1096.0,4414.0,-75996.22924804688,-487208.083984375,1023678.091796875
2024-05-27 01:30:00,40928.0,34336.0,60784.0,4869844.4375,3953079.15625,6489909.578125
2024-05-27 02:00:00,-3583.0989990234375,-5422.36279296875,-2171.303192138672,12473.529005527496,20674.037840127945,-72282.97107082605
2024-05-27 02:30:00,5893.0,7257.0,2876.0,349207.513671875,511934.4248046875,997606.087890625
2024-05-27 03:00:00,936.25,882.0,4520.5,-151887.80419921875,-167836.31323242188,-188807.51220703125
2024-05-27 03:30:00,26744.0,26848.0,69936.0,3899674.8515625,3674738.9375,8359560.25
2024-05-27 04:00:00,2988.3582763671875,1115.773681640625,-6069.4158935546875,61049.81262230873,28449.029818058014,35299.45438718796
2024-05-27 04:30:00,16512.0,6242.0,-2644.0,1457599.0078125,546047.46484375,-920781.2578125
2024-05-27 05:00:00,-6765.375,-1216.640625,1574.0625,-38055.328186035156,-9738.379150390625,-63279.62109375
2024-05-27 05:30:00,7856.0,914.75,-12146.0,841976.20703125,141605.69873046875,-638029.4140625
2024-05-27 06:00:00,6147.5,-167.625,3892.0625,35385.376220703125,11927.95785522461,35510.964904785156
2024-05-27 06:30:00,-3042.0,1334.96875,-3358.0,305420.69140625,-500.71453857421875,-855721.328125
2024-05-27 07:00:00,-43808.0,18848.0,7996.0,-5128873.28125,2256745.0703125,1775826.75
2024-05-27 07:30:00,5729.580078125,-2808.4951171875,2490.7177734375,-25005.7407207489,11329.183024406433,70719.89984369278
2024-05-27 08:00:00,-6785.0,4390.0,-3772.0,-382374.1083984375,197308.0458984375,-1072816.6640625
2024-05-27 08:30:00,-1552.25,1074.75,-3395.0,87364.97644042969,-69815.57391357422,346457.8720703125
2024-05-27 09:00:00,-104096.0,69952.0,-68240.0,-13030155.875,9022627.78125,-8197943.9375
2024-05-27 09:30:00,-1671.7765369415283,3104.253840446472,5861.060256958008,-34693.431875777314,55358.12171690096,-39117.67664462328
2024-05-27 10:00:00,-8424.0,15528.0,98.0,-757881.732421875,1401855.45703125,648673.42578125
2024-05-27 10:30:00,2108.90625,-6652.375,-1148.376953125,15412.51577758789,-36337.299072265625,74679.3620672226
2024-05-27 11:00:00,-2291.0,9008.0,10671.0,-285243.3857421875,932488.197265625,470067.59765625
2024-05-27 11:30:00,-607.875,5851.5,-4497.734375,-16197.955017089844,27874.825927734375,-65984.30990600586
2024-05-27 12:00:00,-1170.625,-1308.0,2218.0,-64707.236572265625,551720.048828125,683960.046875
2024-05-27 12:30:00,-293952.0,-328960.0,26800.0,-35298392.25,-39384710.375,2396689.6953125
2024-05-27 13:00:00,1997.4680557250977,5891.172966003418,-2876.715902328491,-9637.456729438156,-30413.401014462113,-69142.96703624655
2024-05-27 13:30:00,-2933.875,-5546.75,4392.0,-65460.60095214844,-166214.60205078125,1119774.40234375
2024-05-27 14:00:00,-2381.5,-4660.0,1616.0,-146794.796875,-296174.7744140625,-574750.978515625
2024-05-27 14:30:00,10526.0,16740.0,-19568.0,711865.88671875,1397085.6875,-2289847.671875
2024-05-27 15:00:00,-3084.7734375,-2222.1953125,-5668.390625,-46389.72395324707,-35922.853118896484,44155.217960357666
2024-05-27 15:30:00,-14036.0,-10186.0,2082.0,-1287904.0859375,-931561.765625,-411948.63671875
2024-05-27 16:00:00,6369.3125,2961.375,650.15625,29324.487548828125,17556.927856445312,-85672.37496948242
2024-05-27 16:30:00,-9834.0,-3925.0,-8912.0,-989014.107421875,-448836.0048828125,-265839.66796875
2024-05-27 17:00:00,-5328.75,-1245.3125,5042.0,-3309.015380859375,-11839.681457519531,98420.10180664062
2024-05-27 17:30:00,-276.0,-1414.5,-896.0,-768290.646484375,-186374.9990234375,-481236.36328125
2024-05-27 18:00:00,-169792.0,-868352.0,2236928.0,-20413377.5625,-104224833.0,269274238.0
2024-05-27 18:30:00,-5941.972808837891,1195.2357788085938,3183.2606811523438,34934.17275042087,-6598.189531818032,67437.7509778142
2024-05-27 19:00:00,4351.25,-1931.40625,-4786.0,-40738.11328125,-269.52978515625,-1130712.84375
2024-05-27 19:30:00,11752.0,-4986.0,-3038.0,1170662.3671875,-514467.181640625,421855.4814453125
2024-05-27 20:00:00,-5984.875,4024.875,1918.25,-44355.284912109375,16557.035766601562,130693.07653808594
2024-05-27 20:30:00,6669.0,-5564.0,582.0,500217.2197265625,-348826.7978515625,-628777.08203125
2024-05-27 21:00:00,-608.0,102.0,-6816.5,-387229.87109375,338225.3828125,-126907.16235351562
2024-05-27 21:30:00,-7132.0,6397.0,-19896.0,-422999.4990234375,75155.46240234375,-2264791.1484375
2024-05-27 22:00:00,694.0625,-2348.3125,6256.6875,17950.190063476562,-54750.49026489258,-38721.68933105469
2024-05-27 22:30:00,5307.0,-16980.0,8404.0,428077.7548828125,-1453753.54296875,1554377.66796875
2024-05-27 23:00:00,-971.28515625,6430.1484375,-2332.09375,-3089.328190803528,25682.516567230225,56433.243103027344
2024-05-27 23:30:00,293.25,-4617.0,14694.0,72453.14135742188,-539291.78515625,940300.474609375
2024-05-28 00:00:00,-379.6015625,-6264.625,-2973.375,5735.681594848633,-10423.3515625,3766.86328125
2024-05-28 00:30:00,1503.296875,6195.75,4566.0,16073.403289794922,127294.92114257812,1073098.7734375
2024-05-28 01:00:00,868.5,4327.0,2329.0,66412.6669921875,311534.888671875,-517134.861328125
2024-05-28 01:30:00,-2490.875,-3132.0,-33424.0,74052.1396484375,345609.9619140625,-3861420.78125
2024-05-28 02:00:00,2779.19921875,3453.072265625,-5256.3359375,33960.88535499573,45727.245641708374,45336.744232177734
2024-05-28 02:30:00,9382.0,11764.0,6790.5,868087.876953125,1086039.80859375,102800.81030273438
2024-05-28 03:00:00,-5330.4609375,-4368.484375,-289.0,-3960.856414794922,-2742.7477416992188,-107692.99475097656
2024-05-28 03:30:00,10032.0,7356.0,-5001.0,950504.205078125,766377.876953125,177759.05029296875
2024-05-28 04:00:00,3786.625,1922.125,5791.75,-71291.77069091797,-38384.183532714844,119426.9228515625
2024-05-28 04:30:00,3436.0,3156.0,3472.5,1155134.40234375,591933.322265625,126902.75244140625
2024-05-28 05:00:00,10014.0,8006.0,-20704.0,1137233.6328125,988280.361328125,-1661451.64453125
2024-05-28 05:30:00,5726.296875,390.75,3802.5625,-34710.531677246094,4001.3683471679688,59206.15040588379
2024-05-28 06:00:00,-1572.0,1058.25,-4458.0,472454.46484375,40155.459716796875,-1020472.9609375
2024-05-28 06:30:00,-42608.0,28024.0,-52096.0,-4946560.359375,3362000.1640625,-5441309.84375
2024-05-28 07:00:00,6095.47607421875,-2227.7213134765625,2182.4219970703125,-23350.888330698013,7489.530235290527,72249.53708672523
2024-05-28 07:30:00,-8423.0,4057.0,-2990.0,-573508.73828125,219257.54296875,-1004575.25
2024-05-28 08:00:00,-1116.0,713.75,-4545.5,188271.7734375,-104121.83666992188,191378.564453125
2024-05-28 08:30:00,-32160.0,19048.0,-67056.0,-4461003.9375,2852335.6953125,-8015004.28125
2024-05-28 09:00:00,-1810.606201171875,2687.5618896484375,6022.97998046875,-41722.70477390289,52718.059683561325,-35970.864173054695
2024-05-28 09:30:00,-10002.0,14720.0,2272.0,-884164.4921875,1309091.828125,883460.70703125
2024-05-28 10:00:00,2754.4375,-6309.8125,-1546.6875,18358.306671142578,-34695.66271972656,65014.61831665039
2024-05-28 10:30:00,-2750.0,7540.0,12022.0,-335881.744140625,793652.125,626009.09375
2024-05-28 11:00:00,-1258.125,5982.75,-3985.375,-19946.16387939453,31685.847412109375,-37521.27276611328
2024-05-28 11:30:00,-667.5,-2953.0,3178.0,-78971.61108398438,337655.6494140625,832692.373046875
2024-05-28 12:00:00,-14296.0,-64848.0,-9408.0,-1740657.2578125,-7661342.4375,-1943546.796875
2024-05-28 12:30:00,1396.4671020507812,6196.783935546875,-2574.55224609375,-5452.9078052043915,-27902.064983844757,-70550.50221896172
2024-05-28 13:00:00,-2613.25,-7220.0,3872.0,-91699.89819335938,-366651.86328125,1084044.16796875
2024-05-28 13:30:00,-795.09765625,-2083.328125,2889.0,32582.639671325684,58398.13740539551,-406831.8447265625
2024-05-28 14:00:00,-53488.0,-145088.0,12244.0,-6902649.5,-18083885.1875,1488308.5546875
2024-05-28 14:30:00,-2658.141742706299,-2370.405693054199,-5859.031984329224,-45563.89796495065,-46262.98800328374,39413.70527742803
2024-05-28 15:00:00,-13024.0,-11686.0,150.0,-1175235.90625,-1051571.25390625,-619456.6015625
2024-05-28 15:30:00,5996.8125,3605.0,1052.23828125,31915.052734375,23729.31085205078,-76022.20932006836
2024-05-28 16:00:00,-8432.0,-4432.0,-10355.0,-859744.47265625,-505269.0341796875,-430904.201171875
2024-05-28 16:30:00,-5517.5,-1932.875,4561.15625,-21370.10791015625,-21377.562744140625,72482.18371582031
2024-05-28 17:00:00,1374.0,-898.0,-2126.0,-546108.259765625,-198981.39013671875,-663564.6171875
2024-05-28 17:30:00,459904.0,-300288.0,-51072.0,55120984.375,-36076041.875,-5307517.046875
2024-05-28 18:00:00,-6179.855438232422,578.7438507080078,2889.064109802246,32199.857074953616,-2387.5019543021917,69052.41944963206
2024-05-28 18:30:00,6034.25,-1570.5,-4508.0,166559.2255859375,-24199.02947998047,-1125783.7734375
2024-05-28 19:00:00,5291.0,-1289.5,-1900.0,353357.6806640625,-83061.24145507812,545584.712890625
2024-05-28 19:30:00,-14252.0,5277.5,17180.0,-987750.6875,238685.201171875,2001662.21484375
2024-05-28 20:00:00,2866.0,-2495.296875,5615.45703125,39179.774810791016,-34220.10282897949,-44626.78290939331
2024-05-28 20:30:00,13348.0,-11516.0,-2209.0,1231698.76953125,-1068563.08203125,403701.958984375
2024-05-28 21:00:00,-4345.5625,5505.0625,-636.0,-22137.789794921875,22960.6875,85406.80010986328
2024-05-28 21:30:00,6164.0,-8764.0,8843.0,670545.12109375,-865525.20703125,261386.015625
2024-05-28 22:00:00,2413.5625,-4829.625,-5119.125,10368.87744140625,2398.487548828125,-98792.76867675781
2024-05-28 22:30:00,1564.0,-178.0,615.0,374653.255859375,-734958.138671875,445660.6259765625
2024-05-28 23:00:00,-841472.0,95296.0,-2281984.0,-100938961.75,11413943.15625,-274665275.0
2024-05-28 23:30:00,215.011962890625,-6022.793972015381,-3264.552978515625,-1670.6766094565392,36164.782183365896,-66986.95725297928
2024-05-29 00:00:00,892.265625,4247.5,4720.0,11666.368240356445,-94891.2783203125,1121568.1875
2024-05-29 00:30:00,3141.0,16152.0,3897.0,352062.7607421875,1690833.0546875,-318249.5439453125
2024-05-29 01:00:00,-2469.84375,-6407.625,-1707.4375,626.4490966796875,-6428.416442871094,-94591.14227294922
2024-05-29 01:30:00,4446.0,9138.0,294.0,290552.84765625,726803.244140625,733068.330078125
2024-05-29 02:00:00,786.5,855.0,5878.4375,-147635.94482421875,-275268.52880859375,13855.43359375
2024-05-29 02:30:00,3702.0,4390.0,30544.0,1018395.09375,1109417.41015625,3553745.5078125
2024-05-29 03:00:00,2228.109375,1365.609375,-6303.625,57106.570499420166,44284.984436035156,33671.08428955078
2024-05-29 03:30:00,14708.0,9178.0,-6844.0,1247576.05859375,764755.150390625,-1368224.38671875
2024-05-29 04:00:00,-6086.078125,-2467.59375,2270.5625,-28028.59600830078,-11460.010757446289,-53794.748107910156
2024-05-29 04:30:00,4700.0,1466.0,-14390.0,534596.994140625,207010.259765625,-901609.841796875
2024-05-29 05:00:00,6207.375,1093.5,2989.375,13615.085815429688,9850.396179199219,-3541.52099609375
2024-05-29 05:30:00,-6387.0,28.875,-4492.0,-123824.9111328125,-13369.617919921875,-1055849.84375
2024-05-29 06:00:00,-4234.0,-165.1484375,-2198.0,-304338.349609375,-7544.93692779541,536941.724609375
2024-05-29 06:30:00,4148.5,-1684.875,39632.0,-289706.9140625,-6512.957763671875,4604692.6875
2024-05-29 07:00:00,-4054.01171875,1923.07958984375,5177.27734375,-52446.42423915863,22563.930915355682,-47933.59044647217
2024-05-29 07:30:00,-13512.0,6332.0,-7340.5,-1251351.94921875,588295.607421875,-162550.85791015625
2024-05-29 08:00:00,5452.59765625,-4160.05078125,302.4375,-534.8065509796143,-1185.0995244979858,107059.67578125
2024-05-29 08:30:00,-9654.0,8208.0,4867.5,-981456.06640625,760959.76171875,-188909.4306640625
2024-05-29 09:00:00,-2696.9375,3178.65625,-5818.25,56222.61462402344,-62622.39636230469,-114233.31005859375
2024-05-29 09:30:00,-4016.0,2782.0,-3844.5,-862106.66015625,1008507.765625,-173725.1708984375
2024-05-29 10:00:00,-8812.0,7198.0,16616.0,-1066632.50390625,788515.88671875,1173552.23046875
2024-05-29 10:30:00,-1770.03125,5500.1875,-3870.234375,-4419.162841796875,-27881.501953125,-57249.197814941406
2024-05-29 11:00:00,-702.5,-1809.0,4098.0,-153203.40185546875,449310.544921875,975391.1640625
2024-05-29 11:30:00,-24488.0,-64544.0,57648.0,-2976472.296875,-7588811.828125,6109675.796875
2024-05-29 12:00:00,749.8707885742188,6421.543029785156,-2272.0438842773438,-1971.8161638975143,-25142.210218548775,-71913.36119353771
2024-05-29 12:30:00,-1953.875,-8739.0,3154.0,-74181.09326171875,-557224.515625,1023194.759765625
2024-05-29 13:00:00,-427.9375,-1275.75,4172.5,56842.31414794922,199835.869140625,-236283.7119140625
2024-05-29 13:30:00,-17040.0,-55072.0,85920.0,-2456450.4140625,-7324343.609375,10294498.09375
2024-05-29 14:00:00,-2221.6436767578125,-2416.361572265625,-6020.066696166992,-41367.94934722781,-52380.049706578255,36299.46544153988
2024-05-29 14:30:00,-11902.0,-13040.0,-1958.0,-1058612.63671875,-1154267.6171875,-847133.23828125
2024-05-29 15:00:00,5518.65625,4160.6875,1448.484375,29879.448852539062,26529.227783203125,-66071.26449584961
2024-05-29 15:30:00,-6948.0,-4607.0,-11722.0,-718525.759765625,-529530.919921875,-588992.814453125
2024-05-29 16:00:00,-5508.875,-2602.375,4056.03125,-26023.920166015625,-26948.9560546875,44278.95202636719
2024-05-29 16:30:00,2854.0,-52.5,-3090.0,-335230.6982421875,-166876.34716796875,-812896.529296875
2024-05-29 17:00:00,80960.0,-1133.5,8724.0,9609013.65625,-187606.3798828125,1865138.9296875
2024-05-29 17:30:00,-6337.0677490234375,-75.47686386108398,2592.484375,28906.76203751564,1147.8265144918114,70483.97454053164
2024-05-29 18:00:00,7579.0,-876.375,-4002.0,365804.4169921875,-4440.575630187988,-1091915.3359375
2024-05-29 18:30:00,2377.8125,-299.84375,-2964.0,-37060.287353515625,15046.223167419434,403460.18359375
2024-05-29 19:00:00,124896.0,-13920.0,-1060.0,15751943.75,-1987418.140625,-148444.814453125
2024-05-29 19:30:00,2971.81884765625,-2064.5390853881836,5804.232179641724,55331.290169000626,-33515.283448554575,-40162.60903911386
2024-05-29 20:00:00,14452.0,-9978.0,-620.0,1308602.5546875,-905683.078125,570655.578125
2024-05-29 20:30:00,-4896.0,5001.5,-1011.890625,-29636.21026611328,24823.618041992188,78248.11275482178
2024-05-29 21:00:00,6366.0,-7294.0,10195.0,698412.89453125,-727657.31640625,415282.0546875
2024-05-29 21:30:00,3123.75,-4861.75,-4667.75,24110.605102539062,-13772.138916015625,-75528.17504882812
2024-05-29 22:00:00,744.0,1262.0,1842.0,343622.4716796875,-521529.15625,627362.36328125
2024-05-29 22:30:00,466048.0,790784.0,41888.0,55979515.875,94848888.5,4205921.03125
2024-05-29 23:00:00,866.6764678955078,-6111.655029296875,-2977.70250415802,-5201.963536776602,32616.435556784272,-68610.30050371401
2024-05-29 23:30:00,200.15625,5779.125,4518.0,-6823.793701171875,108932.75415039062,1125278.03515625
2024-05-30 00:00:00,131.0625,7096.0,1456.0,11930.841979980469,566752.142578125,-598713.771484375
2024-05-30 00:30:00,-1895.90625,-12734.0,-5702.0,-11516.619720458984,-734413.701171875,-612564.67578125
2024-05-30 01:00:00,1806.2890625,3589.21875,-5125.125,27082.262336730957,67943.10009765625,102746.93505859375
2024-05-30 01:30:00,8626.0,17192.0,4979.5,817935.017578125,1634231.05859375,-72220.40063476562
2024-05-30 02:00:00,-4300.3125,-5413.15625,525.65625,-10567.49853515625,-14710.700500488281,-87303.19360351562
2024-05-30 02:30:00,7570.0,8576.0,-8599.0,738730.412109375,914204.333984375,-231460.6201171875
2024-05-30 03:00:00,4030.25,3351.1875,5142.0,-15419.982116699219,-2310.422607421875,99772.23889160156
2024-05-30 03:30:00,360.0,1990.0,-483.0,697371.28515625,588145.1328125,-419407.0205078125
2024-05-30 04:00:00,-147904.0,-820736.0,737792.0,-17745281.3125,-98453879.5,89373543.25
2024-05-30 04:30:00,5790.546981811523,1598.1635131835938,3282.7525024414062,-35247.27621124685,-10097.210066705942,66831.56287384033
2024-05-30 05:00:00,-4246.5,-85.875,-4828.0,106351.65234375,37855.88024902344,-1125795.9609375
2024-05-30 05:30:00,-16776.0,-597.5,-4959.0,-1774601.421875,-38499.202880859375,195375.09326171875
2024-05-30 06:00:00,6738.90625,-921.45703125,1732.75,-1266.6349487304688,1785.2497272491455,94885.03338623047
2024-05-30 06:30:00,-10042.0,2242.75,-652.0,-782271.353515625,116633.75561523438,-769292.51953125
2024-05-30 07:00:00,-1098.5,570.75,-5741.75,285088.36083984375,-76322.49987792969,9508.82177734375
2024-05-30 07:30:00,-7176.0,3210.0,-32304.0,-1561137.671875,809261.666015625,-3767718.546875
2024-05-30 08:00:00,-1894.07421875,1888.27734375,6270.4453125,-56152.65598297119,45129.24607658386,-32991.21439361572
2024-05-30 08:30:00,-12482.0,12262.0,6432.0,-1054647.44921875,1050969.42578125,1327869.3359375
2024-05-30 09:00:00,49.875,-5371.109375,-2242.0625,5985.987487792969,-25374.09996032715,54424.23260498047
2024-05-30 09:30:00,-178.546875,5466.0,23408.0,-41176.80709838867,613847.59375,1986555.390625
2024-05-30 10:00:00,-2254.576171875,5403.703125,-3536.53125,15535.656094551086,-30563.602340698242,-51168.572998046875
2024-05-30 10:30:00,73.25,-2953.0,4868.0,-124494.9267578125,278326.814453125,1098577.28515625
2024-05-30 11:00:00,1130.25,-29680.0,18428.0,77288.9541015625,-3372728.046875,1411362.20703125
2024-05-30 11:30:00,70.72149658203125,6558.759765625,-1980.69140625,879.2631796002388,-22363.41801071167,-74506.56497955322
2024-05-30 12:00:00,-999.34375,-9988.0,2286.0,-17010.143661499023,-722867.4921875,942355.44140625
2024-05-30 12:30:00,-362.15625,-1303.5,5053.5,36359.861572265625,238676.19140625,-112653.87646484375
2024-05-30 13:00:00,-4654.0,-20496.0,46976.0,-891307.51171875,-3212613.0625,5578929.703125
2024-05-30 13:30:00,-1806.812744140625,-2399.923828125,-6162.3046875,-36375.55416345596,-58371.71318435669,33528.31550502777
2024-05-30 14:00:00,-10502.0,-14092.0,-3996.0,-918534.51953125,-1222073.03125,-1065354.609375
2024-05-30 14:30:00,4965.8125,4627.3125,1815.0625,25731.385131835938,26770.61749267578,-58589.880279541016
2024-05-30 15:00:00,-5429.0,-4426.0,-12942.0,-570070.56640625,-518259.14453125,-730786.9765625
2024-05-30 15:30:00,-494.375,-3223.5,3576.75,-59324.88391113281,-26474.91162109375,19643.3798828125
2024-05-30 16:00:00,-1456.0,-44080.0,-4580.0,-811748.1015625,-5514603.625,-1023645.3203125
2024-05-30 16:30:00,0.18121337890625,452.990234375,-6820.89599609375,21.795012056827545,-16862.515617370605,-6506.820043563843
2024-05-30 17:00:00,-6405.84033203125,1893.0,-17528.0,25506.038272857666,321778.5380859375,-2307429.5390625
2024-05-30 17:30:00,4599.125,-312.359375,4633.1875,29712.988525390625,4532.542297363281,-80601.35961914062
2024-05-30 18:00:00,15212.0,-962.25,-10575.0,1465293.890625,-93334.51098632812,-525856.158203125
2024-05-30 18:30:00,-6453.25,1947.978515625,636.5625,17043.273345947266,-927.0733985900879,93508.20770263672
2024-05-30 19:00:00,12440.0,-4499.0,3064.0,1202500.34765625,-372835.1328125,-385362.6650390625
2024-05-30 19:30:00,3111.25,-1745.6875,-5944.5,-105747.65893554688,50913.387145996094,-92722.1455078125
2024-05-30 20:00:00,6252.0,-2086.0,-6850.0,1357887.671875,-757280.255859375,-585287.462890625
2024-05-30 20:30:00,3696.0,-2329.75,7422.0,388581.4287109375,-167136.18115234375,76154.99194335938
2024-05-30 21:00:00,7918.0,-7169.0,-1824.0,528599.822265625,-313279.388671875,234215.5732421875
2024-05-30 21:30:00,-3747.25,6372.25,-2325.5,-134985.32983398438,139543.32641601562,159926.611328125
2024-05-30 22:00:00,1244.5,-2656.0,11482.0,221084.63427734375,-401821.5400390625,561320.275390625
2024-05-30 22:30:00,1967.375,-7033.75,-866.0,43762.5107421875,-81728.00756835938,148743.2431640625
2024-05-30 23:00:00,-2136.0,11748.0,-2022.0,-227991.841796875,852625.458984375,366931.3505859375
2024-05-30 23:30:00,-73.0625,1201.5,7006.25,16416.794189453125,-175062.19091796875,81263.77478027344
2024-05-31 00:00:00,-1433.125,-1102.0,14804.0,-40610.21057128906,682061.556640625,1810357.39453125
2024-05-31 00:30:00,1168.4375,3286.875,-4946.5,-389.0382080078125,45694.75311279297,142202.58056640625
2024-05-31 01:00:00,8690.0,24248.0,1210.0,859733.681640625,2433101.03125,-501661.484375
2024-05-31 01:30:00,-3668.9375,-5764.375,927.78125,-8826.43743133545,-13717.191436767578,-76340.25801849365
2024-05-31 02:00:00,6200.0,8712.0,-10357.0,610799.31640625,941773.33203125,-434058.1298828125
2024-05-31 02:30:00,3881.6875,4000.875,4715.3125,-4754.3648681640625,9341.790161132812,78739.4916381836
2024-05-31 03:00:00,-755.0,1068.0,-1854.0,508801.603515625,534351.375,-617747.779296875
2024-05-31 03:30:00,-644096.0,911104.0,-235840.0,-77250672.5,109406722.75,-27477128.5625
2024-05-31 04:00:00,5726.0390625,2250.6783142089844,3002.27880859375,-31019.323986321688,-12776.86926534772,68447.9866050221
2024-05-31 04:30:00,-5569.125,-1099.125,-4644.0,-86125.36450195312,-24757.70733642578,-1131363.23828125
2024-05-31 05:00:00,-7418.0,-1596.75,-1860.0,-620493.455078125,-130019.87744140625,555503.041015625
2024-05-31 05:30:00,10743.0,637.0,5063.0,467476.2734375,102815.28173828125,532236.8369140625
2024-05-31 06:00:00,-3974.34375,936.775390625,4576.0,-72261.32400512695,10862.221664428711,-161768.7724609375
2024-05-31 06:30:00,-21228.0,4975.0,-8470.0,-2087502.1171875,487789.140625,-338845.185546875
2024-05-31 07:00:00,6198.125,-2916.048828125,-527.46875,8048.919464111328,-4710.844347000122,83420.43168640137
2024-05-31 07:30:00,-10450.0,5576.0,8662.0,-1095777.4453125,526177.2275390625,243503.75
2024-05-31 08:00:00,-4101.9375,3079.4375,-5196.5,11878.597595214844,-17823.050354003906,-96101.54455566406
2024-05-31 08:30:00,-2394.0,170.0,185.0,-780453.7890625,578082.693359375,380143.9541015625
2024-05-31 09:00:00,630784.0,-44176.0,-142400.0,75661915.0,-5313592.0,-17911755.5625
2024-05-31 09:30:00,-2878.324447631836,5222.946985244751,-3377.853187561035,18336.043956637383,-32671.5531465495,-66271.74362102151
2024-05-31 10:00:00,815.5,-3669.0,4740.0,-93174.3134765625,152169.53515625,1112290.65625
2024-05-31 10:30:00,5152.0,-21768.0,7596.0,532355.55859375,-2394970.28125,121185.48706054688
2024-05-31 11:00:00,-637.12109375,6648.515625,-1722.1875,2033.8937129974365,-14409.596328735352,-80695.17404174805
2024-05-31 11:30:00,162.5,-10704.0,1162.0,70278.21826171875,-831854.03515625,828692.458984375
2024-05-31 12:00:00,-288.0234375,-1520.5,5597.125,8743.899276733398,250871.263671875,-28287.88525390625
2024-05-31 12:30:00,-1385.0,-11896.0,30752.0,-416556.1396484375,-2208109.625,3593784.734375
2024-05-31 13:00:00,-1423.5849609375,-2338.9765625,-6272.34375,-30691.118656158447,-65456.990226745605,32722.89803314209
2024-05-31 13:30:00,-8940.0,-14908.0,-5908.0,-768726.380859375,-1264094.828125,-1267912.7734375
2024-05-31 14:00:00,4362.0,5005.375,2143.75,20979.809280395508,25210.064208984375,-54363.90216064453
2024-05-31 14:30:00,-3960.0,-3899.0,-13982.0,-423291.3984375,-471761.3720703125,-853228.755859375
2024-05-31 15:00:00,-5032.25,-3782.125,3149.5,-11766.677856445312,-19882.212036132812,1484.44970703125
2024-05-31 15:30:00,5222.89501953125,2471.6806640625,-4334.0,36804.70119714737,17339.012948989868,-1024069.83203125
2024-05-31 16:00:00,5418.0,2807.5,-980.0,488384.09375,239368.7841796875,686798.236328125
2024-05-31 16:30:00,-17924.0,-7424.0,8854.0,-1362617.61328125,-711262.037109375,895609.87890625
2024-05-31 17:00:00,4601.54296875,124.794921875,4978.3125,58022.97824859619,4039.0041103363037,-62361.74044799805
2024-05-31 17:30:00,14644.0,470.5,-8626.0,1363219.5,42056.65368652344,-309116.7451171875
2024-05-31 18:00:00,-6668.5,1256.55615234375,407.875,10002.771179199219,1296.8983764648438,103641.02233886719
2024-05-31 18:30:00,12720.0,-3088.0,4272.5,1253036.12109375,-245793.908203125,-254674.0087890625
2024-05-31 19:00:00,3663.75,-1555.859375,-5833.375,-89196.20495605469,33471.83950805664,-104766.95971679688
2024-05-31 19:30:00,5508.0,-980.0,-4647.0,1309643.20703125,-551120.6484375,-285312.306640625
2024-05-31 20:00:00,6968.0,-2189.75,11512.0,798162.3984375,-180933.29248046875,562454.38671875
2024-05-31 20:30:00,4662.75,-4274.875,-3723.125,69219.00170898438,1140.8260498046875,-25449.804809570312
2024-05-31 21:00:00,-1855.5,3767.5,3208.0,144660.31884765625,-119318.16748046875,855194.587890625
2024-05-31 21:30:00,-8838.0,17224.0,-12968.0,-963936.04296875,1958856.453125,-2367182.0625
2024-05-31 22:00:00,2195.5,-5995.921875,-2340.625,-11847.707302093506,28240.238723754883,-64108.71089172363
2024-05-31 22:30:00,-2111.0,8496.0,3670.0,-172095.24609375,495986.2099609375,1074364.859375
2024-05-31 23:00:00,-312.0625,1698.5,4064.0,23921.70489501953,-145036.26489257812,-256597.916015625
2024-05-31 23:30:00,-13576.0,64992.0,64992.0,-1584519.40625,8625184.75,7796402.5
